fips_county,unem_before,unem_after,points_change_unem_rate
01001,2.4,5.2,2.8000000000000003
01003,2.3,5.5,3.2
01005,3.2,8.6,5.3999999999999995
01007,2.6,6.6,3.9999999999999996
01009,2.3,4,1.7000000000000002
01011,3.4,6.5,3.1
01013,3.2,9.1,5.8999999999999995
01015,3,7.5,4.5
01017,2.5,6.6,4.1
01019,2.4,4,1.6
01021,2.3,5.1,2.8
01023,4.4,7.1,2.6999999999999993
01025,5.3,10.7,5.3999999999999995
01027,2.4,4,1.6
01029,2.5,4.1,1.5999999999999996
01031,2.5,4.5,2
01033,3.2,6.6,3.3999999999999995
01035,3.5,8.1,4.6
01037,2.5,5.2,2.7
01039,2.8,4.7,1.9000000000000004
01041,2.2,5.2,3
01043,2.2,3.8,1.5999999999999996
01045,2.6,5.4,2.8000000000000003
01047,5.2,11.7,6.499999999999999
01049,2.3,4.1,1.7999999999999998
01051,2.3,5.2,2.9000000000000004
01053,3.1,6.5,3.4
01055,2.9,7.6,4.699999999999999
01057,2.8,4.6,1.7999999999999998
01059,2.3,3.9,1.6
01061,2.4,4.3,1.9
01063,4.9,11.9,7
01065,3.4,10.3,6.9
01067,2.9,5.2,2.3000000000000003
01069,2.5,6.3,3.8
01071,2.8,4.7,1.9000000000000004
01073,2.5,7.3,4.8
01075,2.6,4.7,2.1
01077,2.8,5.3,2.5
01079,2.6,5.1,2.4999999999999996
01081,2.3,5.4,3.1000000000000005
01083,2.2,4.3,2.0999999999999996
01085,5.1,15.9,10.8
01087,3.6,10.7,7.1
01089,2.1,5.2,3.1
01091,3.1,6.9,3.8000000000000003
01093,3,4.9,1.9000000000000004
01095,2.1,3.9,1.7999999999999998
01097,3.2,9.3,6.1000000000000005
01099,4.2,8.5,4.3
01101,2.7,9.7,6.999999999999999
01103,2.2,4.8,2.5999999999999996
01105,4.7,11.6,6.8999999999999995
01107,2.9,6.7,3.8000000000000003
01109,2.9,5.3,2.4
01111,2.6,3.9,1.2999999999999998
01113,2.5,5.2,2.7
01115,2.3,5.1,2.8
01117,1.9,4,2.1
01119,3.8,7.2,3.4000000000000004
01121,3,6.8,3.8
01123,2.5,6.6,4.1
01125,2.3,6.8,4.5
01127,2.8,5.9,3.1000000000000005
01129,3.9,8.7,4.799999999999999
01131,6.2,17,10.8
01133,2.7,4.7,2
02013,2,2.1,0.10000000000000009
02016,2.9,2.4,-0.5
02020,4.9,6.5,1.5999999999999996
02050,12.9,10.4,-2.5
02060,5.1,6.5,1.4000000000000004
02068,4.1,6.5,2.4000000000000004
02070,7.8,6.9,-0.8999999999999995
02090,4.8,5.1,0.2999999999999998
02100,5,10.6,5.6
02105,6.4,9.7,3.299999999999999
02110,3.9,5.8,1.9
02122,5.9,7.6,1.6999999999999993
02130,4.9,7.7,2.8
02150,4.4,4.5,0.09999999999999964
02158,15.8,13.2,-2.6000000000000014
02164,7.9,6.4,-1.5
02170,6.1,6.8,0.7000000000000002
02180,10.2,8.9,-1.299999999999999
02185,7.2,5.5,-1.7000000000000002
02188,13.6,10.2,-3.4000000000000004
02195,6.5,5.5,-1
02198,8.1,7.8,-0.2999999999999998
02220,3.6,5.2,1.6
02230,3,12.8,9.8
02240,7.2,5.4,-1.7999999999999998
02261,5.4,5.3,-0.10000000000000053
02275,6,6.7,0.7000000000000002
02282,6.2,6.7,0.5
02290,11.8,8.8,-3
04001,9.3,11.2,1.8999999999999986
04003,5.5,5.7,0.20000000000000018
04005,5,8.2,3.1999999999999993
04007,5.2,6.5,1.2999999999999998
04009,4.4,5.5,1.0999999999999996
04011,3.6,5,1.4
04012,5.5,6.2,0.7000000000000002
04013,3.8,6.3,2.5
04015,5.5,8.1,2.5999999999999996
04017,6.7,8.5,1.7999999999999998
04019,4.3,6.5,2.2
04021,4.7,6.5,1.7999999999999998
04023,11.2,11.4,0.20000000000000107
04025,4.2,5.7,1.5
04027,19.2,17,-2.1999999999999993
05001,2.6,4.9,2.3000000000000003
05003,4.7,10.4,5.7
05005,3.6,6.2,2.6
05007,2.5,5.3,2.8
05009,3,5.4,2.4000000000000004
05011,3.5,6.1,2.5999999999999996
05013,3.5,5.4,1.9000000000000004
05015,2.7,6,3.3
05017,6,12.4,6.4
05019,3.5,6.3,2.8
05021,4.3,5.8,1.5
05023,4.3,7.7,3.4000000000000004
05025,3.4,7.4,4
05027,4.1,8.1,4
05029,4.1,6.4,2.3000000000000007
05031,2.6,6.1,3.4999999999999996
05033,3.1,6.2,3.1
05035,4,10.2,6.199999999999999
05037,3.8,6.7,2.9000000000000004
05039,4.4,5.9,1.5
05041,4.1,8.5,4.4
05043,4.5,7.5,3
05045,2.9,5.8,2.9
05047,3.2,6.3,3.0999999999999996
05049,3.6,5.2,1.6
05051,3.5,9.6,6.1
05053,3.1,5.9,2.8000000000000003
05055,3.3,6.1,2.8
05057,3.5,5.9,2.4000000000000004
05059,3.4,6.9,3.5000000000000004
05061,2.8,5.9,3.1000000000000005
05063,3.8,5.8,2
05065,5,8.2,3.1999999999999993
05067,6,7.8,1.7999999999999998
05069,5.2,10.1,4.8999999999999995
05071,4,6.6,2.5999999999999996
05073,4.7,9.5,4.8
05075,3.9,7,3.1
05077,4.3,9,4.7
05079,4,6.6,2.5999999999999996
05081,4,7.1,3.0999999999999996
05083,4.4,7.3,2.8999999999999995
05085,3.5,6.3,2.8
05087,2.4,4.7,2.3000000000000003
05089,3.9,6.6,2.6999999999999997
05091,3.7,7,3.3
05093,4.4,10.4,6
05095,4.1,7.9,3.8000000000000007
05097,4.3,7.7,3.4000000000000004
05099,3.8,6.9,3.1000000000000005
05101,3.2,4.5,1.2999999999999998
05103,4.6,6.4,1.8000000000000007
05105,3.5,6,2.5
05107,5.7,10.1,4.3999999999999995
05109,3.4,6.8,3.4
05111,3.1,6.1,2.9999999999999996
05113,4.3,7.1,2.8
05115,3.8,6.1,2.3
05117,4.5,5.8,1.2999999999999998
05119,3.3,9.5,6.2
05121,3.3,6.7,3.4000000000000004
05123,4.7,9.1,4.3999999999999995
05125,2.7,5.8,3.0999999999999996
05127,3.3,5.1,1.7999999999999998
05129,4.4,6.4,2
05131,3.2,6.7,3.5
05133,4.6,6.6,2
05135,4.6,7.3,2.7
05137,3.8,7.4,3.6000000000000005
05139,4.9,9.4,4.5
05141,4.5,7.7,3.2
05143,2.3,5.5,3.2
05145,4,6.6,2.5999999999999996
05147,4.9,6.4,1.5
05149,3.5,5.6,2.0999999999999996
06001,2.6,9.3,6.700000000000001
06003,5,10.7,5.699999999999999
06005,3.1,8.7,5.6
06007,4,8.5,4.5
06009,3.1,7.4,4.300000000000001
06011,6.8,10.6,3.8
06013,2.7,9.3,6.6000000000000005
06015,4.9,8.8,3.9000000000000004
06017,3,7.5,4.5
06019,5.6,10.4,4.800000000000001
06021,4.6,7.3,2.7
06023,2.9,7.6,4.699999999999999
06025,19.4,21.5,2.1000000000000014
06027,2.8,7.3,4.5
06029,6.2,12.4,6.2
06031,6,10.3,4.300000000000001
06033,4,8.6,4.6
06035,3.4,6.3,2.9
06037,4.3,15.1,10.8
06039,5.3,9.4,4.1000000000000005
06041,2,6.5,4.5
06043,3.1,8.4,5.300000000000001
06045,3.1,8.3,5.200000000000001
06047,5.8,10.6,4.8
06049,4.6,6.5,1.9000000000000004
06051,3.4,11.2,7.799999999999999
06053,3.5,8.8,5.300000000000001
06055,2.3,7.6,5.3
06057,2.8,7.4,4.6000000000000005
06059,2.5,9,6.5
06061,2.7,7.1,4.3999999999999995
06063,4.7,7.8,3.0999999999999996
06065,4,10.5,6.5
06067,3.2,9.8,6.6000000000000005
06069,3.8,8.7,4.8999999999999995
06071,3.5,10.3,6.800000000000001
06073,2.9,9,6.1
06075,1.9,8.4,6.5
06077,4.9,11.4,6.5
06079,2.5,7.2,4.7
06081,1.8,7.1,5.3
06083,3,7.4,4.4
06085,2.3,7,4.7
06087,3.3,8.1,4.8
06089,3.7,7.8,4.1
06091,3.8,6.7,2.9000000000000004
06093,4.5,8.5,4
06095,3.2,9.7,6.499999999999999
06097,2.3,7.2,4.9
06099,4.8,10.3,5.500000000000001
06101,5,10.3,5.300000000000001
06103,4.4,8.2,3.799999999999999
06105,3.9,6.7,2.8000000000000003
06107,7.9,12.2,4.299999999999999
06109,3.6,9.6,6
06111,3.3,8.4,5.1000000000000005
06113,3.2,7.1,3.8999999999999995
06115,4.9,10.6,5.699999999999999
08001,2.5,7,4.5
08003,3.2,5.5,2.3
08005,2.4,7,4.6
08007,2.5,5.7,3.2
08009,1.5,1.8,0.30000000000000004
08011,2.4,4,1.6
08013,2.1,5.3,3.1999999999999997
08014,2.2,5.5,3.3
08015,2,5.1,3.0999999999999996
08017,1.3,2.4,1.0999999999999999
08019,2.3,6.8,4.5
08021,3,4.3,1.2999999999999998
08023,2.9,6.8,3.9
08025,3.9,4.5,0.6000000000000001
08027,2.6,3.8,1.1999999999999997
08029,2.5,5.6,3.0999999999999996
08031,2.3,7.4,5.1000000000000005
08033,2.1,4.6,2.4999999999999996
08035,2.1,4.7,2.6
08037,1.8,7,5.2
08039,1.8,3.6,1.8
08041,2.8,5.9,3.1000000000000005
08043,3.9,6.5,2.6
08045,2.2,5.4,3.2
08047,2,7.9,5.9
08049,1.8,6.1,4.3
08051,1.6,3.9,2.3
08053,4.2,3,-1.2000000000000002
08055,4.1,8.3,4.200000000000001
08057,1.5,2.9,1.4
08059,2.2,5.9,3.7
08061,1.2,1.9,0.7
08063,1.5,2.4,0.8999999999999999
08065,2.1,6.2,4.1
08067,2,5.1,3.0999999999999996
08069,2,5.2,3.2
08071,3.2,6.6,3.3999999999999995
08073,2.1,4.4,2.3000000000000003
08075,2,4,2
08077,2.8,5.7,2.9000000000000004
08079,2.4,5.4,3.0000000000000004
08081,2.4,4.8,2.4
08083,3.1,5.2,2.1
08085,2.4,5.3,2.9
08087,2.3,5.2,2.9000000000000004
08089,3.3,5.4,2.1000000000000005
08091,2,5.7,3.7
08093,2,4.6,2.5999999999999996
08095,1.3,2.1,0.8
08097,2.4,7,4.6
08099,2.2,4,1.7999999999999998
08101,3.6,7.5,3.9
08103,2.9,4.5,1.6
08105,3.4,6.1,2.6999999999999997
08107,1.8,5.9,4.1000000000000005
08109,3.8,7.1,3.3
08111,1.7,3.3,1.5999999999999999
08113,1.6,6.9,5.300000000000001
08115,1.7,3.1,1.4000000000000001
08117,1.8,8.1,6.3
08119,2.6,5.4,2.8000000000000003
08121,1.7,3,1.3
08123,2.2,6.3,4.1
08125,1.4,2.8,1.4
09001,3.4,7.8,4.4
09003,3.7,7.8,4.1
09005,3,6.1,3.0999999999999996
09007,3,5.9,2.9000000000000004
09009,3.7,7.8,4.1
09011,3.4,8.7,5.299999999999999
09013,2.9,5.4,2.5000000000000004
09015,3.5,6.9,3.4000000000000004
10001,4.3,8.6,4.3
10003,4,8.5,4.5
10005,3.5,6.8,3.3
11001,5.4,8.8,3.4000000000000004
12001,2.7,4.3,1.5999999999999996
12003,2.7,4.1,1.3999999999999995
12005,3.1,4.6,1.4999999999999996
12007,2.9,4.6,1.6999999999999997
12009,2.9,5.5,2.6
12011,2.8,8.2,5.3999999999999995
12013,3.6,4.2,0.6000000000000001
12015,3.5,5.9,2.4000000000000004
12017,4.4,6.8,2.3999999999999995
12019,2.8,4.1,1.2999999999999998
12021,3.2,6,2.8
12023,3,5,2
12027,3.3,4,0.7000000000000002
12029,3.4,4.4,1.0000000000000004
12031,3,5.7,2.7
12033,2.9,5.3,2.4
12035,3.5,6.2,2.7
12037,2.9,4.4,1.5000000000000004
12039,3.9,6.1,2.1999999999999997
12041,3.1,3.9,0.7999999999999998
12043,4,4.6,0.5999999999999996
12045,3.9,4.6,0.6999999999999997
12047,3.9,6.2,2.3000000000000003
12049,5.2,5.5,0.2999999999999998
12051,7.1,7.5,0.40000000000000036
12053,3.9,6.6,2.6999999999999997
12055,4.3,6.3,2
12057,2.9,6.2,3.3000000000000003
12059,3.2,4.1,0.8999999999999995
12061,3.8,6.3,2.5
12063,3.1,4.4,1.3000000000000003
12065,3,4.7,1.7000000000000002
12067,2.9,3.4,0.5
12069,2.9,7.9,5
12071,3,6.4,3.4000000000000004
12073,2.9,4.9,2.0000000000000004
12075,3.4,4.8,1.4
12077,2.9,4.1,1.1999999999999997
12079,3.7,5.5,1.7999999999999998
12081,3,5.6,2.5999999999999996
12083,3.5,5.6,2.0999999999999996
12085,3,4.9,1.9000000000000004
12086,2.3,13,10.7
12087,1.9,5.9,4
12089,2.7,4.4,1.7000000000000002
12091,2.4,4,1.6
12093,3.4,4.6,1.1999999999999997
12095,2.7,10.4,7.7
12097,3.1,13.3,10.200000000000001
12099,3.2,7,3.8
12101,3.2,6,2.8
12103,2.7,5.9,3.2
12105,3.5,8.4,4.9
12107,3.9,6.8,2.9
12109,2.4,4.1,1.6999999999999997
12111,3.8,6.7,2.9000000000000004
12113,2.7,3.8,1.0999999999999996
12115,2.9,5.6,2.6999999999999997
12117,2.7,6.4,3.7
12119,4.1,6,1.9000000000000004
12121,3.2,4.8,1.5999999999999996
12123,3.3,5.8,2.5
12125,2.7,3.7,1
12127,3.2,6.3,3.0999999999999996
12129,2.6,3.6,1
12131,2.5,4.3,1.7999999999999998
12133,3,4.4,1.4000000000000004
13001,3.6,4.1,0.49999999999999956
13003,2.3,3.4,1.1
13005,2.9,4.1,1.1999999999999997
13007,4.1,6,1.9000000000000004
13009,3.7,6.3,2.5999999999999996
13011,2.4,3.7,1.3000000000000003
13013,2.4,4.5,2.1
13015,2.9,5.2,2.3000000000000003
13017,4.8,6.3,1.5
13019,3.5,4.9,1.4000000000000004
13021,3.5,7.7,4.2
13023,4.6,6.2,1.6000000000000005
13025,3.8,5.2,1.4000000000000004
13027,2.9,5.2,2.3000000000000003
13029,2.8,5,2.2
13031,3.3,5.9,2.6000000000000005
13033,4.7,6.8,2.0999999999999996
13035,2.8,6,3.2
13037,3.5,4.9,1.4000000000000004
13039,3.3,4.4,1.1000000000000005
13043,2.6,4.3,1.6999999999999997
13045,3,5.7,2.7
13047,2.5,3.6,1.1
13049,3.5,3.6,0.10000000000000009
13051,3,7.4,4.4
13053,3.7,5.9,2.2
13055,3.4,6.5,3.1
13057,2.4,4.2,1.8000000000000003
13059,3.2,5.9,2.7
13061,6.4,12.7,6.299999999999999
13063,3.8,11.2,7.3999999999999995
13065,3.6,4.4,0.8000000000000003
13067,2.6,5.6,2.9999999999999996
13069,3.1,5.5,2.4
13071,2.8,4.4,1.6000000000000005
13073,2.7,3.6,0.8999999999999999
13075,2.9,4.7,1.8000000000000003
13077,2.5,5.6,3.0999999999999996
13079,3.2,4.4,1.2000000000000002
13081,3.3,7.5,4.2
13083,2.8,3.2,0.40000000000000036
13085,2.4,3.9,1.5
13087,3.5,4.6,1.0999999999999996
13089,3,8.2,5.199999999999999
13091,5,5.2,0.20000000000000018
13093,3.2,7.3,4.1
13095,4.4,9.1,4.699999999999999
13097,3.2,7.4,4.2
13099,3.2,6.3,3.0999999999999996
13101,2.3,3.6,1.3000000000000003
13103,2.6,4.6,1.9999999999999996
13105,3.4,6.5,3.1
13107,5,7.7,2.7
13109,3.1,5.2,2.1
13111,2.9,3.3,0.3999999999999999
13113,2.6,4.8,2.1999999999999997
13115,3.3,5,1.7000000000000002
13117,2.4,3.8,1.4
13119,3.1,5,1.9
13121,3.1,8.3,5.200000000000001
13123,3,3.7,0.7000000000000002
13125,3.5,3.1,-0.3999999999999999
13127,3.4,6.4,3.0000000000000004
13129,2.8,4.2,1.4000000000000004
13131,3.1,4,0.8999999999999999
13133,3.3,5.2,1.9000000000000004
13135,2.7,6.1,3.3999999999999995
13137,2.9,4.4,1.5000000000000004
13139,2.4,4,1.6
13141,5.2,9.1,3.8999999999999995
13143,3,5.2,2.2
13145,2.8,3.8,1
13147,3,4.7,1.7000000000000002
13149,2.8,5.4,2.6000000000000005
13151,3.2,7.4,4.2
13153,2.9,4.8,1.9
13155,4.1,5,0.9000000000000004
13157,2.3,3.9,1.6
13159,2.6,4.6,1.9999999999999996
13161,4.2,4.6,0.39999999999999947
13163,4.2,6.7,2.5
13165,4.9,6.1,1.1999999999999993
13167,3,4.6,1.5999999999999996
13169,2.8,4,1.2000000000000002
13171,3.7,5.6,1.8999999999999995
13173,3.2,4.6,1.3999999999999995
13175,4.3,6.1,1.7999999999999998
13177,2.8,4.3,1.5
13179,3.5,5.9,2.4000000000000004
13181,3.4,5.4,2.0000000000000004
13183,3.4,4,0.6000000000000001
13185,3.1,5.7,2.6
13187,2.7,3.6,0.8999999999999999
13189,4.8,7.3,2.5
13191,3.6,5.9,2.3000000000000003
13193,4.3,6.4,2.1000000000000005
13195,2.8,4.4,1.6000000000000005
13197,3.8,4.7,0.9000000000000004
13199,4,8.2,4.199999999999999
13201,3,4,1
13205,4.2,6.7,2.5
13207,2.8,4.6,1.7999999999999998
13209,5.1,5.1,0
13211,2.8,4.9,2.1000000000000005
13213,4.5,5.5,1
13215,4.1,7.8,3.7
13217,3.4,7,3.6
13219,2.2,2.8,0.5999999999999996
13221,2.8,4.2,1.4000000000000004
13223,2.6,5,2.4
13225,3.6,5.9,2.3000000000000003
13227,2.6,4,1.4
13229,3,4.2,1.2000000000000002
13231,2.7,4.3,1.5999999999999996
13233,3.1,4.9,1.8000000000000003
13235,3.2,4,0.7999999999999998
13237,3.7,5.9,2.2
13239,4.4,5.7,1.2999999999999998
13241,2.8,4.4,1.6000000000000005
13243,4.5,5.9,1.4000000000000004
13245,4,7.8,3.8
13247,3.3,7.6,4.3
13249,3.3,3.2,-0.09999999999999964
13251,8.1,7.7,-0.39999999999999947
13253,3.8,4.8,1
13255,3.5,7.5,4
13257,3.3,5.5,2.2
13259,3.7,5.4,1.7000000000000002
13261,4.4,7,2.5999999999999996
13263,3.5,6.5,3
13265,5.3,6.3,1
13267,3.4,3.9,0.5
13269,3.3,6,2.7
13271,10.4,9.4,-1
13273,4,8.3,4.300000000000001
13275,3.6,6.5,2.9
13277,2.9,5,2.1
13279,5,6.3,1.2999999999999998
13281,4.2,5.2,1
13283,5.4,5.4,0
13285,2.9,6.1,3.1999999999999997
13287,3.2,8.1,4.8999999999999995
13289,4.7,6.7,2
13291,2.6,3.6,1
13293,3.3,6.4,3.1000000000000005
13295,2.8,4,1.2000000000000002
13297,2.7,4.9,2.2
13299,3.3,5.1,1.7999999999999998
13301,4.1,5.6,1.5
13303,3.3,6.8,3.5
13305,3.8,5.4,1.6000000000000005
13307,4.5,5.5,1
13309,7.2,6.2,-1
13311,2.2,3.3,1.0999999999999996
13313,3.6,5,1.4
13315,4,6.1,2.0999999999999996
13317,4.3,6.2,1.9000000000000004
13319,3.3,4.5,1.2000000000000002
13321,4,4.9,0.9000000000000004
15001,3.5,13.6,10.1
15003,2.7,13.6,10.899999999999999
15007,2.7,20.5,17.8
15009,2.7,23.6,20.900000000000002
16001,2.2,5.9,3.7
16003,4.1,8.1,4
16005,2.4,5.7,3.3000000000000003
16007,2,4.3,2.3
16009,3.1,6.7,3.6
16011,2.1,4,1.9
16013,2,6.9,4.9
16015,3.3,8.7,5.3999999999999995
16017,3.1,7.3,4.199999999999999
16019,2.1,4.4,2.3000000000000003
16021,3.1,5.6,2.4999999999999996
16023,2.3,3.6,1.3000000000000003
16025,2.4,4,1.6
16027,2.6,6.3,3.6999999999999997
16029,2.4,3.6,1.2000000000000002
16031,2,3.8,1.7999999999999998
16033,3.4,4,0.6000000000000001
16035,4.3,7.5,3.2
16037,3.1,4.6,1.4999999999999996
16039,2.5,5.1,2.5999999999999996
16041,1.7,3.8,2.0999999999999996
16043,1.8,3.5,1.7
16045,2.6,6.5,3.9
16047,2,3.8,1.7999999999999998
16049,3.1,6.7,3.6
16051,1.9,3.8,1.9
16053,2,4.1,2.0999999999999996
16055,2.7,7.2,4.5
16057,2.1,5.1,2.9999999999999996
16059,3,6.2,3.2
16061,3.8,7.1,3.3
16063,2.5,4.9,2.4000000000000004
16065,1.8,3.4,1.5999999999999999
16067,1.9,3.8,1.9
16069,2.2,4.9,2.7
16071,1.5,4.5,3
16073,2.4,5.8,3.4
16075,2.9,5.4,2.5000000000000004
16077,2.1,3.7,1.6
16079,4.2,9,4.8
16081,1.6,4.7,3.1
16083,2.3,5.3,3
16085,2.4,6.6,4.199999999999999
16087,3.2,5.7,2.5
17001,3.2,5.4,2.2
17003,5.7,9.8,4.1000000000000005
17005,3.3,6.2,2.9000000000000004
17007,4.6,8.4,3.8000000000000007
17009,2.3,3.2,0.9000000000000004
17011,3.8,6.4,2.6000000000000005
17013,4,5.9,1.9000000000000004
17015,3.4,5.7,2.3000000000000003
17017,3.4,5.7,2.3000000000000003
17019,3.3,6.2,2.9000000000000004
17021,4.2,7.4,3.2
17023,4,6.2,2.2
17025,3.9,7.3,3.4
17027,2.7,4.8,2.0999999999999996
17029,3.6,7.2,3.6
17031,3.3,12.4,9.100000000000001
17033,4,6.3,2.3
17035,2.8,4.9,2.1000000000000005
17037,3.6,7.7,4.1
17039,3.7,6.1,2.3999999999999995
17041,3.2,5.3,2.0999999999999996
17043,2.6,8.2,5.6
17045,3.9,5.7,1.8000000000000003
17047,3.7,6.3,2.5999999999999996
17049,2.9,5.6,2.6999999999999997
17051,3.7,6.8,3.0999999999999996
17053,3.6,5.4,1.8000000000000003
17055,4.8,8.6,3.8
17057,5.1,7.4,2.3000000000000007
17059,4.6,8.3,3.700000000000001
17061,3.8,6.2,2.4000000000000004
17063,3.4,8.2,4.799999999999999
17065,3.3,5.2,1.9000000000000004
17067,4.6,5.6,1
17069,5.7,8.8,3.1000000000000005
17071,4.2,5.2,1
17073,4.3,6.8,2.5
17075,3.6,5.4,1.8000000000000003
17077,3.4,7.3,3.9
17079,3.9,5.2,1.3000000000000003
17081,4.2,8,3.8
17083,3.7,6.7,3
17085,3.2,6.5,3.3
17087,5.1,7.7,2.6000000000000005
17089,3.7,8.4,4.7
17091,4.1,8.1,4
17093,2.7,8.2,5.499999999999999
17095,4.5,8.5,4
17097,3.4,7.7,4.300000000000001
17099,4.3,8.2,3.8999999999999995
17101,4.7,7.1,2.3999999999999995
17103,3.4,6,2.6
17105,3.5,5.9,2.4000000000000004
17107,4,6.4,2.4000000000000004
17109,5.2,6.1,0.8999999999999995
17111,2.7,8,5.3
17113,3.4,6.3,2.9
17115,4.9,10.1,5.199999999999999
17117,3.7,6.1,2.3999999999999995
17119,3.5,7.4,3.9000000000000004
17121,4.3,7.7,3.4000000000000004
17123,4.1,6.8,2.7
17125,4.6,7.1,2.5
17127,5.2,8,2.8
17129,3,5.4,2.4000000000000004
17131,4.2,6.8,2.5999999999999996
17133,2.9,5,2.1
17135,4.3,7.7,3.4000000000000004
17137,3.4,6.3,2.9
17139,3.1,4.8,1.6999999999999997
17141,4.2,6.9,2.7
17143,4.6,10.2,5.6
17145,4.5,7.5,3
17147,3.1,4.6,1.4999999999999996
17149,3.5,4.9,1.4000000000000004
17151,5.2,6.8,1.5999999999999996
17153,5.2,9.8,4.6000000000000005
17155,3.8,7,3.2
17157,3.1,5.9,2.8000000000000003
17159,3.7,6.5,2.8
17161,4.7,8.6,3.8999999999999995
17163,4.1,9.2,5.1
17165,4.8,9.2,4.3999999999999995
17167,3.6,7.8,4.199999999999999
17169,3.8,5,1.2000000000000002
17171,3.7,4.6,0.8999999999999995
17173,3.3,5.6,2.3
17175,4.7,6.5,1.7999999999999998
17177,4.1,6.8,2.7
17179,3.9,7.4,3.5000000000000004
17181,4.5,6.5,2
17183,4.7,8.4,3.7
17185,3.5,5.7,2.2
17187,3.6,5.7,2.1
17189,2.2,4,1.7999999999999998
17191,4.3,6.4,2.1000000000000005
17193,3.5,6,2.5
17195,4,7.1,3.0999999999999996
17197,3.2,9.7,6.499999999999999
17199,3.9,7.3,3.4
17201,5.3,10.3,5.000000000000001
17203,3.4,5.6,2.1999999999999997
18001,2.3,3.5,1.2000000000000002
18003,2.7,6,3.3
18005,2,4.9,2.9000000000000004
18007,2.5,4,1.5
18009,3.2,5.5,2.3
18011,2,3.6,1.6
18013,2.4,5.1,2.6999999999999997
18015,2.4,4.3,1.9
18017,2.7,5,2.3
18019,2.9,6,3.1
18021,3,5.4,2.4000000000000004
18023,2.2,4.2,2
18025,3.1,5.3,2.1999999999999997
18027,2.1,3.1,1
18029,3.1,5.3,2.1999999999999997
18031,2.4,4.3,1.9
18033,2.4,4.6,2.1999999999999997
18035,3.2,6.1,2.8999999999999995
18037,1.9,3.8,1.9
18039,2.8,5.3,2.5
18041,4.5,7.8,3.3
18043,2.7,5.3,2.5999999999999996
18045,2.8,4.2,1.4000000000000004
18047,2.8,4.1,1.2999999999999998
18049,2.5,5.1,2.5999999999999996
18051,2.1,4,1.9
18053,3.2,5.2,2
18055,3.2,5,1.7999999999999998
18057,2.1,4,1.9
18059,2.5,4.7,2.2
18061,2.6,4.8,2.1999999999999997
18063,2.3,4.4,2.1000000000000005
18065,2.7,5,2.3
18067,3.2,7.3,4.1
18069,2.5,4.4,1.9000000000000004
18071,2.2,4.7,2.5
18073,3,5.3,2.3
18075,2.4,4.1,1.6999999999999997
18077,3,5.1,2.0999999999999996
18079,2.4,5,2.6
18081,2.3,4.6,2.3
18083,2.6,4.3,1.6999999999999997
18085,2.3,4.9,2.6000000000000005
18087,2.3,3.3,1
18089,4.2,8.7,4.499999999999999
18091,3.5,7.7,4.2
18093,3,5.4,2.4000000000000004
18095,3,6.4,3.4000000000000004
18097,2.9,7.7,4.800000000000001
18099,2.6,4.7,2.1
18101,2.2,3.5,1.2999999999999998
18103,3.3,6.4,3.1000000000000005
18105,2.6,4.4,1.8000000000000003
18107,2.7,4.1,1.3999999999999995
18109,2.5,4.5,2
18111,3.3,5,1.7000000000000002
18113,2.6,4.9,2.3000000000000003
18115,3,5.7,2.7
18117,2.8,6.9,4.1000000000000005
18119,3.1,4.9,1.8000000000000003
18121,3.1,4.3,1.1999999999999997
18123,2.8,4.9,2.1000000000000005
18125,2.7,4.9,2.2
18127,3.3,6.4,3.1000000000000005
18129,2.4,3.6,1.2000000000000002
18131,2.5,4.8,2.3
18133,2.7,5,2.3
18135,3.2,5.2,2
18137,2.7,4.4,1.7000000000000002
18139,2.2,4.4,2.2
18141,3.2,7.3,4.1
18143,3,6.4,3.4000000000000004
18145,2.5,5,2.5
18147,2.7,4.2,1.5
18149,3.6,6.1,2.4999999999999996
18151,2.2,4.1,1.8999999999999995
18153,3.5,5.6,2.0999999999999996
18155,2.9,5.9,3.0000000000000004
18157,2.4,5.2,2.8000000000000003
18159,2.1,4.2,2.1
18161,2.8,4.1,1.2999999999999998
18163,2.7,5.8,3.0999999999999996
18165,4.2,5.6,1.3999999999999995
18167,3.6,6.4,2.8000000000000003
18169,2.5,4.7,2.2
18171,2.6,4,1.4
18173,2.4,4.1,1.6999999999999997
18175,2.8,5.1,2.3
18177,3.1,6.2,3.1
18179,2.1,4,1.9
18181,2.3,4.1,1.7999999999999998
18183,2.4,4.2,1.8000000000000003
19001,1.9,3,1.1
19003,1.5,3.5,2
19005,2.3,3.1,0.8000000000000003
19007,3.7,4.4,0.7000000000000002
19009,2.1,3,0.8999999999999999
19011,2.4,4.1,1.6999999999999997
19013,2.9,5.1,2.1999999999999997
19015,1.9,3,1.1
19017,2,2.9,0.8999999999999999
19019,2.1,3.8,1.6999999999999997
19021,1.9,3,1.1
19023,2.4,3.2,0.8000000000000003
19025,2,3.3,1.2999999999999998
19027,1.8,2.9,1.0999999999999999
19029,2.2,3.1,0.8999999999999999
19031,1.9,3.2,1.3000000000000003
19033,2.4,4.2,1.8000000000000003
19035,2.4,2.8,0.3999999999999999
19037,2.3,3,0.7000000000000002
19039,2.2,4.2,2
19041,2.2,3.4,1.1999999999999997
19043,2.2,4,1.7999999999999998
19045,3.7,5.7,2
19047,2.6,3.9,1.2999999999999998
19049,1.7,3.1,1.4000000000000001
19051,3.5,3.6,0.10000000000000009
19053,1.8,2.8,0.9999999999999998
19055,1.9,3,1.1
19057,3.7,5.9,2.2
19059,2.1,3.5,1.4
19061,2.1,4.6,2.4999999999999996
19063,1.9,3.4,1.5
19065,2.6,4,1.4
19067,3.9,4.8,0.8999999999999999
19069,1.8,2.9,1.0999999999999999
19071,2.2,2.9,0.6999999999999997
19073,1.9,3.1,1.2000000000000002
19075,2.4,3.4,1
19077,2.2,3.9,1.6999999999999997
19079,2.3,3.6,1.3000000000000003
19081,2.2,3.6,1.4
19083,2.5,3.6,1.1
19085,1.9,3,1.1
19087,2.4,3.9,1.5
19089,1.9,3,1.1
19091,2.3,3,0.7000000000000002
19093,1.4,3,1.6
19095,1.6,2.9,1.2999999999999998
19097,2.4,4.5,2.1
19099,2.4,4.1,1.6999999999999997
19101,2.4,4.8,2.4
19103,1.9,4.1,2.1999999999999997
19105,2.3,4.5,2.2
19107,3,4,1
19109,2,2.7,0.7000000000000002
19111,3.6,5.1,1.4999999999999996
19113,2.7,5.7,3
19115,2.7,3.7,1
19117,2,3.2,1.2000000000000002
19119,1.2,1.9,0.7
19121,2.7,4.5,1.7999999999999998
19123,2.4,3.6,1.2000000000000002
19125,1.8,3.1,1.3
19127,3.1,5,1.9
19129,2,3,1
19131,1.4,2.1,0.7000000000000002
19133,2.5,3.5,1
19135,3.1,4.2,1.1
19137,2.2,4.1,1.8999999999999995
19139,2.4,4.4,2.0000000000000004
19141,1.8,2.8,0.9999999999999998
19143,1.7,2.1,0.40000000000000013
19145,2.5,3.7,1.2000000000000002
19147,1.7,3.5,1.8
19149,2.2,2.8,0.5999999999999996
19151,1.5,2.5,1
19153,2.5,5.2,2.7
19155,2.1,4.1,1.9999999999999996
19157,2,3.4,1.4
19159,2.3,3.1,0.8000000000000003
19161,1.9,2.6,0.7000000000000002
19163,3.1,5.9,2.8000000000000003
19165,1.8,2.8,0.9999999999999998
19167,1.4,1.8,0.40000000000000013
19169,1.6,2.8,1.1999999999999997
19171,2.3,4.3,2
19173,1.8,2.6,0.8
19175,2.6,5,2.4
19177,2.9,3.7,0.8000000000000003
19179,4.3,5.2,0.9000000000000004
19181,2.1,3.6,1.5
19183,2,3,1
19185,2.5,3.8,1.2999999999999998
19187,2.4,4.2,1.8000000000000003
19189,2.4,4.7,2.3000000000000003
19191,1.9,3.2,1.3000000000000003
19193,2.3,4.1,1.7999999999999998
19195,2.2,3.5,1.2999999999999998
19197,2.3,3.4,1.1
20001,2.9,5.2,2.3000000000000003
20003,2.7,4.1,1.3999999999999995
20005,4.9,6.3,1.3999999999999995
20007,2.3,3.1,0.8000000000000003
20009,2.8,4.4,1.6000000000000005
20011,3.5,5.6,2.0999999999999996
20013,2.5,3.9,1.4
20015,2.8,6,3.2
20017,2,6.1,4.1
20019,3,6.4,3.4000000000000004
20021,2.9,4.8,1.9
20023,1.8,2.1,0.30000000000000004
20025,2,1.7,-0.30000000000000004
20027,2.4,4.2,1.8000000000000003
20029,2.8,4.4,1.6000000000000005
20031,3.2,4.7,1.5
20033,2.5,4.2,1.7000000000000002
20035,2.9,6,3.1
20037,3.4,5.4,2.0000000000000004
20039,2.7,3,0.2999999999999998
20041,3,4.2,1.2000000000000002
20043,2.6,3.9,1.2999999999999998
20045,2.5,5.5,3
20047,2.2,3.2,1
20049,3.3,4.4,1.1000000000000005
20051,1.9,2.9,1
20053,2.3,3.2,0.9000000000000004
20055,2.1,3.1,1
20057,2.2,3.5,1.2999999999999998
20059,2.7,5.2,2.5
20061,3.9,6.9,3.0000000000000004
20063,1.8,2.3,0.4999999999999998
20065,2.6,4.7,2.1
20067,2.2,4.3,2.0999999999999996
20069,1.7,2,0.30000000000000004
20071,2.4,1.5,-0.8999999999999999
20073,2.6,4.8,2.1999999999999997
20075,1.4,1.4,0
20077,2.3,5,2.7
20079,2.6,4.6,1.9999999999999996
20081,1.7,2.1,0.40000000000000013
20083,2.1,2.2,0.10000000000000009
20085,2.4,4.2,1.8000000000000003
20087,2.4,4.3,1.9
20089,2.3,2.9,0.6000000000000001
20091,2.4,4.7,2.3000000000000003
20093,1.8,2.4,0.5999999999999999
20095,2.6,4.6,1.9999999999999996
20097,1.8,3.1,1.3
20099,3.2,5.7,2.5
20101,2.7,3.2,0.5
20103,2.9,5.2,2.3000000000000003
20105,1.9,3,1.1
20107,4.7,6.8,2.0999999999999996
20109,1.9,2,0.10000000000000009
20111,2.8,4.2,1.4000000000000004
20113,1.9,3.2,1.3000000000000003
20115,2.4,3.6,1.2000000000000002
20117,2.2,2.8,0.5999999999999996
20119,1.9,2.8,0.8999999999999999
20121,2.7,4.7,2
20123,1.9,2.7,0.8000000000000003
20125,3.5,7.4,3.9000000000000004
20127,2.1,4.3,2.1999999999999997
20129,2.8,3.7,0.9000000000000004
20131,2.5,2.5,0
20133,4.2,6.4,2.2
20135,2.1,3.6,1.5
20137,1.8,3,1.2
20139,2.9,4.9,2.0000000000000004
20141,1.6,2.7,1.1
20143,2.3,3.9,1.6
20145,2.3,3.5,1.2000000000000002
20147,2,3.1,1.1
20149,2.2,3.7,1.5
20151,1.9,3.5,1.6
20153,1.8,2.7,0.9000000000000001
20155,2.7,5.2,2.5
20157,2,3.4,1.4
20159,2.3,3.7,1.4000000000000004
20161,2.4,4.6,2.1999999999999997
20163,2.9,4,1.1
20165,2.2,4.1,1.8999999999999995
20167,2.7,3.5,0.7999999999999998
20169,2.6,5.1,2.4999999999999996
20171,1.6,2.3,0.6999999999999997
20173,3,8.5,5.5
20175,2.8,4.1,1.2999999999999998
20177,2.9,5.6,2.6999999999999997
20179,1.8,2.3,0.4999999999999998
20181,2.4,3.3,0.8999999999999999
20183,2.1,2.1,0
20185,2.2,4.2,2
20187,2.2,2,-0.20000000000000018
20189,2.4,2.9,0.5
20191,3,7.8,4.8
20193,1.9,2.6,0.7000000000000002
20195,2.2,3,0.7999999999999998
20197,2.6,3.6,1
20199,1.7,1.7,0
20201,1.9,2,0.10000000000000009
20203,1.7,1.7,0
20205,3.3,7.3,4
20207,3.5,6.3,2.8
20209,3.5,7.4,3.9000000000000004
21001,4.4,5.5,1.0999999999999996
21003,3.7,4.2,0.5
21005,3.1,4.8,1.6999999999999997
21007,4.6,5.2,0.6000000000000005
21009,3.9,6.1,2.1999999999999997
21011,5.1,5.9,0.8000000000000007
21013,6.4,6.7,0.2999999999999998
21015,3.1,4.3,1.1999999999999997
21017,3.5,4.1,0.5999999999999996
21019,4.9,6.8,1.8999999999999995
21021,4.2,6.1,1.8999999999999995
21023,3.8,4.5,0.7000000000000002
21025,6.6,8.6,2
21027,4.5,5.8,1.2999999999999998
21029,3.7,4.4,0.7000000000000002
21031,3.9,5.1,1.1999999999999997
21033,4.6,5.3,0.7000000000000002
21035,3.5,4.8,1.2999999999999998
21037,3.1,4.7,1.6
21039,3.6,3.8,0.19999999999999973
21041,3.7,5.2,1.5
21043,7.2,7.5,0.2999999999999998
21045,3.9,4.7,0.8000000000000003
21047,5.4,6,0.5999999999999996
21049,3.6,5.4,1.8000000000000003
21051,6.5,7.6,1.0999999999999996
21053,4.4,4.3,-0.10000000000000053
21055,4.2,4.2,0
21057,3,3.8,0.7999999999999998
21059,3.4,4.8,1.4
21061,3.9,5.1,1.1999999999999997
21063,7.6,6.8,-0.7999999999999998
21065,4.3,5.6,1.2999999999999998
21067,2.9,4.8,1.9
21069,4.6,4.8,0.20000000000000018
21071,5.7,8.5,2.8
21073,3.3,5.5,2.2
21075,4.9,6.4,1.5
21077,3.5,4.8,1.2999999999999998
21079,4.2,4.9,0.7000000000000002
21081,3.5,5.4,1.9000000000000004
21083,4.1,4.9,0.8000000000000007
21085,4.5,5.8,1.2999999999999998
21087,4,4.2,0.20000000000000018
21089,6,6.9,0.9000000000000004
21091,3.4,4.9,1.5000000000000004
21093,3.7,5.1,1.3999999999999995
21095,12.2,11.2,-1
21097,3.9,4.1,0.19999999999999973
21099,4,4.3,0.2999999999999998
21101,3.4,4.6,1.1999999999999997
21103,3.1,3.9,0.7999999999999998
21105,4.1,4.4,0.3000000000000007
21107,3.9,5.7,1.8000000000000003
21109,5.7,7.4,1.7000000000000002
21111,3.6,5.7,2.1
21113,3.2,4.7,1.5
21115,5.9,7.9,2
21117,3.2,4.8,1.5999999999999996
21119,6.1,8,1.9000000000000004
21121,5.4,6.9,1.5
21123,4.1,4.9,0.8000000000000007
21125,4.6,5.4,0.8000000000000007
21127,6.5,7,0.5
21129,4.8,5.2,0.40000000000000036
21131,9.3,8.6,-0.7000000000000011
21133,7.9,9.3,1.4000000000000004
21135,7.5,7,-0.5
21137,4.3,6.6,2.3
21139,4.4,6.2,1.7999999999999998
21141,3.8,4,0.20000000000000018
21143,3.8,4.9,1.1000000000000005
21145,4.5,5.8,1.2999999999999998
21147,5.4,5.6,0.1999999999999993
21149,3.8,4.6,0.7999999999999998
21151,3.4,4.9,1.5000000000000004
21153,10,13.5,3.5
21155,3.5,4.7,1.2000000000000002
21157,3.7,4.6,0.8999999999999995
21159,6.2,10,3.8
21161,5.4,5.9,0.5
21163,4.2,5.4,1.2000000000000002
21165,5.6,6.5,0.9000000000000004
21167,4.1,5.6,1.5
21169,4.6,5.9,1.3000000000000007
21171,3.3,5.6,2.3
21173,4.5,5.8,1.2999999999999998
21175,4.3,5.2,0.9000000000000004
21177,5.6,7.2,1.6000000000000005
21179,4,4.2,0.20000000000000018
21181,4.1,4.7,0.6000000000000005
21183,4.5,5.4,0.9000000000000004
21185,2.9,3.5,0.6000000000000001
21187,3.8,4.8,1
21189,6.3,6.6,0.2999999999999998
21191,3.1,3.8,0.6999999999999997
21193,5.9,8.3,2.4000000000000004
21195,4.9,7.7,2.8
21197,4.4,6,1.5999999999999996
21199,4.2,5.3,1.0999999999999996
21201,4.2,4.5,0.2999999999999998
21203,4.4,5.7,1.2999999999999998
21205,4.5,5.5,1
21207,4.9,5.6,0.6999999999999993
21209,3.2,4.1,0.8999999999999995
21211,3.2,3.8,0.5999999999999996
21213,4.8,4.9,0.10000000000000053
21215,3.3,3.9,0.6000000000000001
21217,3.9,4.5,0.6000000000000001
21219,3.3,3.8,0.5
21221,3.9,5.6,1.6999999999999997
21223,3.9,5.4,1.5000000000000004
21225,3.8,4.3,0.5
21227,3.3,4.6,1.2999999999999998
21229,3.5,3.8,0.2999999999999998
21231,5,5.2,0.20000000000000018
21233,3.5,4.4,0.9000000000000004
21235,4.7,5.8,1.0999999999999996
21237,5.8,5.5,-0.2999999999999998
21239,2.8,4.1,1.2999999999999998
22001,5.6,7.1,1.5
22003,5.6,9,3.4000000000000004
22005,4.3,6.2,1.9000000000000004
22007,6.1,9.4,3.3000000000000007
22009,5.8,7.2,1.4000000000000004
22011,5.2,7.6,2.3999999999999995
22013,5.9,8.1,2.1999999999999993
22015,4.5,5.8,1.2999999999999998
22017,5.5,8.8,3.3000000000000007
22019,4.3,12.2,7.8999999999999995
22021,6,6.4,0.40000000000000036
22023,3.8,6.9,3.1000000000000005
22025,6.2,7.5,1.2999999999999998
22027,5.8,6.5,0.7000000000000002
22029,6.2,7.8,1.5999999999999996
22031,6.4,6.9,0.5
22033,4.7,7.5,2.8
22035,9.5,11.6,2.0999999999999996
22037,4.8,6.3,1.5
22039,6,7.9,1.9000000000000004
22041,7.2,7.9,0.7000000000000002
22043,5.7,6.2,0.5
22045,5.5,9.6,4.1
22047,6.2,9.8,3.6000000000000005
22049,4.8,5,0.20000000000000018
22051,4.3,9,4.7
22053,4.8,8.3,3.500000000000001
22055,4.5,6.8,2.3
22057,4.6,6.1,1.5
22059,4.4,4.7,0.2999999999999998
22061,5.8,6,0.20000000000000018
22063,4.3,5.7,1.4000000000000004
22065,7.9,8,0.09999999999999964
22067,8,9.7,1.6999999999999993
22069,6.2,7.2,1
22071,5,12.5,7.5
22073,5.4,6.8,1.3999999999999995
22075,4.5,6.3,1.7999999999999998
22077,5.5,7.6,2.0999999999999996
22079,5.3,6,0.7000000000000002
22081,5.2,6.1,0.8999999999999995
22083,6.3,7.3,1
22085,5.3,5.5,0.20000000000000018
22087,5.1,10.1,5
22089,4.5,7.4,2.9000000000000004
22091,5.8,11.8,6.000000000000001
22093,6.1,10.1,4
22095,5.7,11.5,5.8
22097,6.4,8.9,2.5
22099,5.1,8.1,3
22101,5.9,9.2,3.299999999999999
22103,4.4,6,1.5999999999999996
22105,5.6,9.4,3.8000000000000007
22107,7.6,7.4,-0.1999999999999993
22109,4.7,7.5,2.8
22111,5.7,6.8,1.0999999999999996
22113,5.1,7.1,2
22115,6,7,1
22117,6.1,8.4,2.3000000000000007
22119,6.2,7.6,1.3999999999999995
22121,4.6,7,2.4000000000000004
22123,8.9,8.5,-0.40000000000000036
22125,4.3,4.9,0.6000000000000005
22127,6.2,7.1,0.8999999999999995
23001,2.4,5.9,3.5000000000000004
23003,3.3,5.3,2
23005,2,5.4,3.4000000000000004
23007,3.1,5.9,2.8000000000000003
23009,2.1,4.7,2.6
23011,2.3,4.7,2.4000000000000004
23013,2.1,4.9,2.8000000000000003
23015,2.1,5,2.9
23017,2.8,7.1,4.3
23019,2.5,5.1,2.5999999999999996
23021,2.7,5,2.3
23023,1.9,4.5,2.6
23025,3.4,6.3,2.9
23027,2.3,5,2.7
23029,3.4,6.1,2.6999999999999997
23031,2.1,5.5,3.4
24001,4.9,6.9,2
24003,2.8,5.7,2.9000000000000004
24005,3.4,6.9,3.5000000000000004
24009,2.8,5,2.2
24011,3,5.5,2.5
24013,2.6,4.7,2.1
24015,3.6,5.9,2.3000000000000003
24017,3.3,6.9,3.6000000000000005
24019,4,6.6,2.5999999999999996
24021,2.9,5.7,2.8000000000000003
24023,3.7,5.4,1.7000000000000002
24025,3.1,5.4,2.3000000000000003
24027,2.5,5.2,2.7
24029,3.4,6.5,3.1
24031,2.7,6.6,3.8999999999999995
24033,3.5,9.1,5.6
24035,2.8,5,2.2
24037,2.9,4.8,1.9
24039,5.3,8,2.7
24041,2.8,5,2.2
24043,3.4,6.4,3.0000000000000004
24045,4,6.4,2.4000000000000004
24047,4.6,7.9,3.3000000000000007
24510,4.8,9.1,4.3
25001,2.6,9,6.4
25003,3,9.2,6.199999999999999
25005,3.3,10.1,6.8
25007,2.2,6.6,4.3999999999999995
25009,2.8,10.7,7.8999999999999995
25011,2.3,7.6,5.3
25013,3.7,11.5,7.8
25015,2.6,7.6,5
25017,2.2,8,5.8
25019,1.7,5.9,4.2
25021,2.4,9.2,6.799999999999999
25023,2.8,9.8,7.000000000000001
25025,2.5,11.5,9
25027,2.9,9.2,6.299999999999999
26001,4.5,7.9,3.4000000000000004
26003,4.9,7.5,2.5999999999999996
26005,2.5,5.7,3.2
26007,3.5,6.4,2.9000000000000004
26009,3.6,6.9,3.3000000000000003
26011,4.6,7.7,3.1000000000000005
26013,4.3,9.4,5.1000000000000005
26015,2.6,5.8,3.1999999999999997
26017,3.6,7.5,3.9
26019,3.4,6.1,2.6999999999999997
26021,3.3,7.6,4.3
26023,3.3,7,3.7
26025,3.6,8.6,5
26027,3.5,7.4,3.9000000000000004
26029,3.2,6.2,3
26031,3,6.7,3.7
26033,4,6.7,2.7
26035,4.3,9.5,5.2
26037,2.5,5.4,2.9000000000000004
26039,4.1,8.5,4.4
26041,3.5,6.3,2.8
26043,3.2,5.8,2.5999999999999996
26045,2.8,6.5,3.7
26047,3.3,6,2.7
26049,3.9,9.4,5.5
26051,4.6,7.7,3.1000000000000005
26053,4.1,6.4,2.3000000000000007
26055,2.6,5.9,3.3000000000000003
26057,3.4,6.1,2.6999999999999997
26059,3.5,6.8,3.3
26061,3.8,5.6,1.7999999999999998
26063,3,5.5,2.5
26065,3,7.1,4.1
26067,2.7,6,3.3
26069,4,7.8,3.8
26071,3.9,5.9,2.0000000000000004
26073,3.3,6.2,2.9000000000000004
26075,3.1,7.6,4.5
26077,3,6.7,3.7
26079,3.9,8.2,4.299999999999999
26081,2.6,6.6,3.9999999999999996
26083,4.4,6.2,1.7999999999999998
26085,5.1,10.2,5.1
26087,4.3,7.9,3.6000000000000005
26089,2.6,5.5,2.9
26091,3.1,6.7,3.6
26093,3.1,6.4,3.3000000000000003
26095,4.2,6.5,2.3
26097,2.5,4.2,1.7000000000000002
26099,3.9,9.2,5.299999999999999
26101,4,8.3,4.300000000000001
26103,3.5,5.6,2.0999999999999996
26105,3.7,7.1,3.3999999999999995
26107,3.8,7.2,3.4000000000000004
26109,3.2,5.4,2.2
26111,3.1,6.3,3.1999999999999997
26113,3.5,6.2,2.7
26115,3.1,6.9,3.8000000000000003
26117,3.1,7,3.9
26119,5.4,10.1,4.699999999999999
26121,3.7,10.2,6.499999999999999
26123,3.2,6.8,3.5999999999999996
26125,3.3,7.7,4.4
26127,3.8,8.2,4.3999999999999995
26129,4.5,8.1,3.5999999999999996
26131,4.6,8.4,3.8000000000000007
26133,3,6.1,3.0999999999999996
26135,4.6,8.7,4.1
26137,3.7,7.7,4
26139,2.5,5.4,2.9000000000000004
26141,4.6,7.8,3.2
26143,5.2,9.6,4.3999999999999995
26145,3.7,8.6,4.8999999999999995
26147,4.2,8.2,3.999999999999999
26149,3.4,7.3,3.9
26151,3.5,6.5,3
26153,4.7,6.4,1.7000000000000002
26155,3.3,6.6,3.3
26157,3.6,6.9,3.3000000000000003
26159,3.5,6.7,3.2
26161,2.7,6,3.3
26163,4.7,12.5,7.8
26165,3.4,7.1,3.6999999999999997
27001,3.4,5.4,2.0000000000000004
27003,2.6,5.7,3.1
27005,2.5,4.2,1.7000000000000002
27007,3,4.5,1.5
27009,2.8,4.6,1.7999999999999998
27011,2.3,2.6,0.30000000000000027
27013,2.4,4.5,2.1
27015,2.5,3.5,1
27017,3.2,5.8,2.5999999999999996
27019,2.5,4.5,2
27021,3.1,6.6,3.4999999999999996
27023,2.7,3.4,0.6999999999999997
27025,2.6,5.1,2.4999999999999996
27027,2.4,3.2,0.8000000000000003
27029,4.1,5,0.9000000000000004
27031,2.3,4.7,2.4000000000000004
27033,3.2,3.8,0.5999999999999996
27035,2.9,4.9,2.0000000000000004
27037,2.5,5.7,3.2
27039,2.4,3.6,1.2000000000000002
27041,2.3,3.3,1
27043,2.8,4.7,1.9000000000000004
27045,2.2,3.5,1.2999999999999998
27047,2.5,4.3,1.7999999999999998
27049,2.2,4.4,2.2
27051,3.1,3.7,0.6000000000000001
27053,2.5,6.6,4.1
27055,2.6,2.8,0.19999999999999973
27057,3.3,4.5,1.2000000000000002
27059,2.8,5.3,2.5
27061,4.1,6.2,2.1000000000000005
27063,2.3,3.1,0.8000000000000003
27065,2.8,4.9,2.1000000000000005
27067,2.5,3.6,1.1
27069,2.7,3.2,0.5
27071,5,5.3,0.2999999999999998
27073,2.3,3,0.7000000000000002
27075,2.5,4.5,2
27077,2.6,4.2,1.6
27079,2.5,4.5,2
27081,2.4,2.4,0
27083,2.4,3.3,0.8999999999999999
27085,2.8,4.4,1.6000000000000005
27087,3.4,10.4,7
27089,2.9,3,0.10000000000000009
27091,2.9,3.9,1
27093,2.5,3.5,1
27095,3.2,6.1,2.8999999999999995
27097,2.9,3.8,0.8999999999999999
27099,2.5,4.2,1.7000000000000002
27101,2.9,3.4,0.5
27103,2.2,4.1,1.8999999999999995
27105,2.6,3.6,1
27107,2.7,4.7,2
27109,2.1,4.5,2.4
27111,2.6,3.5,0.8999999999999999
27113,2.3,3.3,1
27115,3.3,5.8,2.5
27117,2.2,2.3,0.09999999999999964
27119,2.6,4,1.4
27121,2.3,3.6,1.3000000000000003
27123,2.7,6.9,4.2
27125,3.4,3.2,-0.19999999999999973
27127,2.6,4.2,1.6
27129,2.9,3.8,0.8999999999999999
27131,2.5,4.2,1.7000000000000002
27133,1.9,2.5,0.6000000000000001
27135,2.7,3.5,0.7999999999999998
27137,3.1,5.8,2.6999999999999997
27139,2.4,5.2,2.8000000000000003
27141,2.5,4.7,2.2
27143,2.6,4.1,1.4999999999999996
27145,2.5,4.5,2
27147,2.6,4.2,1.6
27149,2.1,2.3,0.19999999999999973
27151,3.3,3.7,0.40000000000000036
27153,2.6,3.6,1
27155,2.5,2.6,0.10000000000000009
27157,2.4,3.6,1.2000000000000002
27159,3.5,4.6,1.0999999999999996
27161,2.8,5,2.2
27163,2.5,5,2.5
27165,2.8,3.4,0.6000000000000001
27167,2.3,2.7,0.40000000000000036
27169,2.5,3.8,1.2999999999999998
27171,2.4,4.4,2.0000000000000004
27173,2.6,2.9,0.2999999999999998
28001,6.8,9.8,3.000000000000001
28003,4.8,4.8,0
28005,7,7.2,0.20000000000000018
28007,5.8,7.4,1.6000000000000005
28009,6.4,7.3,0.8999999999999995
28011,6.7,7.7,1
28013,5.4,6.3,0.8999999999999995
28015,6.5,6.8,0.2999999999999998
28017,5.6,8.4,2.8000000000000007
28019,5.2,5.2,0
28021,10.6,13.6,3
28023,6.2,7.2,1
28025,7.2,10.9,3.7
28027,7.1,11.8,4.700000000000001
28029,6.4,7,0.5999999999999996
28031,4.9,6.6,1.6999999999999993
28033,4.4,5.5,1.0999999999999996
28035,5,6.9,1.9000000000000004
28037,7.1,7.4,0.3000000000000007
28039,7.4,7.9,0.5
28041,7.6,8.3,0.7000000000000011
28043,5.3,6.4,1.1000000000000005
28045,5.4,6.7,1.2999999999999998
28047,5.2,7.1,1.8999999999999995
28049,5.2,8,2.8
28051,9.7,14.4,4.700000000000001
28053,9.4,13.6,4.199999999999999
28055,9.1,7.9,-1.1999999999999993
28057,4.7,4.9,0.20000000000000018
28059,5.9,7.3,1.3999999999999995
28061,6.5,7.7,1.2000000000000002
28063,15,17.8,2.8000000000000007
28065,6.5,9.1,2.5999999999999996
28067,5.4,6.3,0.8999999999999995
28069,8.2,8.5,0.3000000000000007
28071,4.4,4.6,0.1999999999999993
28073,4.1,4.7,0.6000000000000005
28075,5.5,6.4,0.9000000000000004
28077,6.6,7.5,0.9000000000000004
28079,5.5,6.7,1.2000000000000002
28081,4.5,6.3,1.7999999999999998
28083,7.2,10.1,2.8999999999999995
28085,5.3,6,0.7000000000000002
28087,5,7.2,2.2
28089,4.3,4.8,0.5
28091,5.3,6.6,1.2999999999999998
28093,5.9,7.4,1.5
28095,5.4,7.5,2.0999999999999996
28097,5.9,7.2,1.2999999999999998
28099,6,6.9,0.9000000000000004
28101,5.3,6.2,0.9000000000000004
28103,7.5,11.5,4
28105,5.5,6.3,0.7999999999999998
28107,6.3,9.3,3.000000000000001
28109,5.1,6.5,1.4000000000000004
28111,6.6,7.1,0.5
28113,6.4,8.2,1.799999999999999
28115,4.4,5.4,1
28117,4.8,5.5,0.7000000000000002
28119,7.8,11,3.2
28121,4,3.9,-0.10000000000000009
28123,4.4,4.9,0.5
28125,7.3,9.6,2.3
28127,5,5.9,0.9000000000000004
28129,5,4.8,-0.20000000000000018
28131,6.5,6.6,0.09999999999999964
28133,8.5,10.9,2.4000000000000004
28135,5.3,7.5,2.2
28137,5.7,7.2,1.5
28139,5.1,5.3,0.20000000000000018
28141,5.2,4.7,-0.5
28143,5.8,13.8,8
28145,4.2,5.1,0.8999999999999995
28147,7.3,7.7,0.40000000000000036
28149,5.8,7.6,1.7999999999999998
28151,7.1,10.3,3.200000000000001
28153,6.2,8.2,1.9999999999999991
28155,5.4,6.1,0.6999999999999993
28157,10.3,13.9,3.5999999999999996
28159,5.5,7.8,2.3
28161,5.4,6.5,1.0999999999999996
28163,6.2,8.6,2.3999999999999995
29001,2.9,3,0.10000000000000009
29003,2,2.8,0.7999999999999998
29005,2.5,2.4,-0.10000000000000009
29007,2.6,3.1,0.5
29009,2.9,4,1.1
29011,2.6,3.1,0.5
29013,3.2,3.7,0.5
29015,5,5.7,0.7000000000000002
29017,3,4.2,1.2000000000000002
29019,1.9,2.9,1
29021,2.4,3.5,1.1
29023,3.3,4.1,0.7999999999999998
29025,2.3,3,0.7000000000000002
29027,2.2,2.8,0.5999999999999996
29029,3.4,3.9,0.5
29031,2.5,3.5,1
29033,2.4,3.1,0.7000000000000002
29035,3.6,3.7,0.10000000000000009
29037,2.3,3.8,1.5
29039,2.9,2.7,-0.19999999999999973
29041,2.2,2.5,0.2999999999999998
29043,2.2,3.1,0.8999999999999999
29045,2.4,3.2,0.8000000000000003
29047,2.3,3.9,1.6
29049,2.3,3.6,1.3000000000000003
29051,1.9,2.9,1
29053,2.5,3.2,0.7000000000000002
29055,2.9,4.2,1.3000000000000003
29057,2.8,2.7,-0.09999999999999964
29059,4.6,3.8,-0.7999999999999998
29061,2.3,2.5,0.20000000000000018
29063,2.2,2.7,0.5
29065,2.8,3.3,0.5
29067,10.8,3.7,-7.1000000000000005
29069,4.2,5.3,1.0999999999999996
29071,2.4,3.9,1.5
29073,2.3,3.2,0.9000000000000004
29075,2.2,2.1,-0.10000000000000009
29077,2.2,3.5,1.2999999999999998
29079,2.6,2.5,-0.10000000000000009
29081,2.8,2.7,-0.09999999999999964
29083,2.7,3.6,0.8999999999999999
29085,3.7,3.1,-0.6000000000000001
29087,2.1,2.1,0
29089,2.4,2.7,0.30000000000000027
29091,4.2,4.5,0.2999999999999998
29093,3.5,4.7,1.2000000000000002
29095,3,5.5,2.5
29097,2.5,3.9,1.4
29099,2.4,4.2,1.8000000000000003
29101,2.8,3.6,0.8000000000000003
29103,2,2.4,0.3999999999999999
29105,11.1,4.7,-6.3999999999999995
29107,2.3,3.6,1.3000000000000003
29109,2.7,3.6,0.8999999999999999
29111,2.6,2.8,0.19999999999999973
29113,2.5,3.9,1.4
29115,3.7,4.1,0.39999999999999947
29117,1.9,2.4,0.5
29119,2.6,3.8,1.1999999999999997
29121,2.5,2.9,0.3999999999999999
29123,2.6,4.5,1.9
29125,2.5,3.1,0.6000000000000001
29127,2.4,3.2,0.8000000000000003
29129,2.3,1.9,-0.3999999999999999
29131,2.5,3.2,0.7000000000000002
29133,3.3,3.7,0.40000000000000036
29135,2.2,2.7,0.5
29137,3.1,3.7,0.6000000000000001
29139,2.2,2.9,0.6999999999999997
29141,3.2,3.7,0.5
29143,3.5,4.2,0.7000000000000002
29145,2.6,3.8,1.1999999999999997
29147,2.3,2.4,0.10000000000000009
29149,4.1,4.3,0.20000000000000018
29151,1.6,2,0.3999999999999999
29153,5.4,4.5,-0.9000000000000004
29155,3.9,6.3,2.4
29157,2.1,2.7,0.6000000000000001
29159,2.6,4.4,1.8000000000000003
29161,2.6,3.3,0.6999999999999997
29163,3,3.4,0.3999999999999999
29165,2.1,3.7,1.6
29167,3.2,3.2,0
29169,4,3.7,-0.2999999999999998
29171,3.2,3,-0.20000000000000018
29173,2.2,2.5,0.2999999999999998
29175,3.2,4.1,0.8999999999999995
29177,2.7,3.7,1
29179,2.9,4.2,1.3000000000000003
29181,3.5,5.5,2
29183,2,3.4,1.4
29185,3.7,4,0.2999999999999998
29186,2,3.2,1.2000000000000002
29187,2.9,5,2.1
29189,2.5,4.9,2.4000000000000004
29195,2.4,2.8,0.3999999999999999
29197,3.6,3.5,-0.10000000000000009
29199,2.4,1.9,-0.5
29201,2.9,3.7,0.8000000000000003
29203,3.8,4.4,0.6000000000000005
29205,1.8,2.4,0.5999999999999999
29207,3.5,3.4,-0.10000000000000009
29209,3,5,2
29211,2.8,2.7,-0.09999999999999964
29213,2.9,6.4,3.5000000000000004
29215,3.7,3.8,0.09999999999999964
29217,2.7,3.1,0.3999999999999999
29219,2.2,3.8,1.5999999999999996
29221,3.3,4.8,1.5
29223,3.5,4.2,0.7000000000000002
29225,3.2,3.4,0.19999999999999973
29227,2,3,1
29229,6.5,4.1,-2.4000000000000004
29510,3.2,7.1,3.8999999999999995
30001,2.5,3.1,0.6000000000000001
30003,6.3,6.4,0.10000000000000053
30005,2.9,4.1,1.1999999999999997
30007,3.3,5.1,1.7999999999999998
30009,2.6,4.5,1.9
30011,2.3,2.8,0.5
30013,3.1,4.9,1.8000000000000003
30015,2.4,3.3,0.8999999999999999
30017,2.4,3.9,1.5
30019,1.9,2.6,0.7000000000000002
30021,2.5,5.8,3.3
30023,2.7,4,1.2999999999999998
30025,1.7,4,2.3
30027,2.4,3,0.6000000000000001
30029,3.7,5.5,1.7999999999999998
30031,2,3.7,1.7000000000000002
30033,2.3,1.8,-0.4999999999999998
30035,5.7,8.3,2.6000000000000005
30037,3.8,3.9,0.10000000000000009
30039,4.3,5,0.7000000000000002
30041,3.3,4.3,1
30043,2.9,4,1.1
30045,2.4,4,1.6
30047,3.6,5.3,1.6999999999999997
30049,2.7,3.9,1.1999999999999997
30051,2.5,2.1,-0.3999999999999999
30053,6,7.2,1.2000000000000002
30055,2.1,3.3,1.1999999999999997
30057,2.8,3.7,0.9000000000000004
30059,2.8,4.3,1.5
30061,4.6,6.9,2.3000000000000007
30063,2.7,4.7,2
30065,3.7,5.2,1.5
30067,2.5,4.8,2.3
30069,2.8,2.6,-0.19999999999999973
30071,2.8,3.6,0.8000000000000003
30073,3.1,4.6,1.4999999999999996
30075,2.1,2.4,0.2999999999999998
30077,3.2,3.5,0.2999999999999998
30079,4.1,7.7,3.6000000000000005
30081,3.3,4.5,1.2000000000000002
30083,2.9,6.8,3.9
30085,3.7,5.3,1.5999999999999996
30087,4.2,5,0.7999999999999998
30089,4.4,5.8,1.3999999999999995
30091,2.2,4.2,2
30093,3.2,5.6,2.3999999999999995
30095,2.6,4.5,1.9
30097,2.3,2.8,0.5
30099,2.8,3.3,0.5
30101,2.2,4.6,2.3999999999999995
30103,2.3,3.9,1.6
30105,3.2,3.6,0.3999999999999999
30107,3,6.5,3.5
30109,3.2,4.5,1.2999999999999998
30111,2.9,4.5,1.6
31001,2.8,2.7,-0.09999999999999964
31003,2.3,2,-0.2999999999999998
31005,6,5.6,-0.40000000000000036
31007,3.5,2.5,-1
31009,4.4,2.6,-1.8000000000000003
31011,2.4,2,-0.3999999999999999
31013,3,3.9,0.8999999999999999
31015,2.5,2.6,0.10000000000000009
31017,3,2.2,-0.7999999999999998
31019,2.4,2.4,0
31021,2.7,2.9,0.19999999999999973
31023,2.5,2.9,0.3999999999999999
31025,2.8,3.1,0.30000000000000027
31027,2.4,2.1,-0.2999999999999998
31029,2.3,1.5,-0.7999999999999998
31031,2.1,1.8,-0.30000000000000004
31033,3.7,3.6,-0.10000000000000009
31035,2.6,2.2,-0.3999999999999999
31037,2.6,2.2,-0.3999999999999999
31039,2.5,2.1,-0.3999999999999999
31041,2.4,1.7,-0.7
31043,3,3.4,0.3999999999999999
31045,2.7,2.1,-0.6000000000000001
31047,2.7,2.6,-0.10000000000000009
31049,4,2.8,-1.2000000000000002
31051,2.5,2.3,-0.20000000000000018
31053,2.6,2.7,0.10000000000000009
31055,3,4.2,1.2000000000000002
31057,2.5,1.9,-0.6000000000000001
31059,2.3,1.9,-0.3999999999999999
31061,3.4,3,-0.3999999999999999
31063,3.3,2.1,-1.1999999999999997
31065,2.7,2,-0.7000000000000002
31067,2.9,2.8,-0.10000000000000009
31069,3.2,2.8,-0.40000000000000036
31071,2.3,1.3,-0.9999999999999998
31073,2.8,1.8,-0.9999999999999998
31075,3.1,1.6,-1.5
31077,2.8,2.6,-0.19999999999999973
31079,2.9,4.5,1.6
31081,3.1,2.8,-0.30000000000000027
31083,2.8,2,-0.7999999999999998
31085,2.4,2,-0.3999999999999999
31087,2.9,3.2,0.30000000000000027
31089,2.3,1.7,-0.5999999999999999
31091,3,2.2,-0.7999999999999998
31093,2.8,3.3,0.5
31095,2.5,2.3,-0.20000000000000018
31097,3.1,2.9,-0.20000000000000018
31099,2.2,2.2,0
31101,4.2,2.3,-1.9000000000000004
31103,2.8,1.3,-1.4999999999999998
31105,2.9,3,0.10000000000000009
31107,2.5,2,-0.5
31109,2.6,3.2,0.6000000000000001
31111,3.3,2.6,-0.6999999999999997
31113,3.9,1.9,-2
31115,4,2.5,-1.5
31117,2.5,1.7,-0.8
31119,2.4,3.5,1.1
31121,2.8,2.9,0.10000000000000009
31123,2.5,2.7,0.20000000000000018
31125,2.4,2.3,-0.10000000000000009
31127,3.2,2.5,-0.7000000000000002
31129,2.5,2,-0.5
31131,2.7,2.6,-0.10000000000000009
31133,2.4,2.4,0
31135,2,1.6,-0.3999999999999999
31137,2.6,2.3,-0.30000000000000027
31139,2.5,3.3,0.7999999999999998
31141,2.6,2.4,-0.20000000000000018
31143,2.6,2,-0.6000000000000001
31145,2.5,2.5,0
31147,2.7,2.4,-0.30000000000000027
31149,2.9,1.7,-1.2
31151,2.8,2.5,-0.2999999999999998
31153,2.7,3.1,0.3999999999999999
31155,2.5,2.8,0.2999999999999998
31157,3.2,3.3,0.09999999999999964
31159,2.7,3.1,0.3999999999999999
31161,2.6,2.1,-0.5
31163,2.9,2.2,-0.6999999999999997
31165,2.5,1.9,-0.6000000000000001
31167,2.2,3.1,0.8999999999999999
31169,2.6,2,-0.6000000000000001
31171,3.1,3,-0.10000000000000009
31173,4.2,3.7,-0.5
31175,2.7,1.8,-0.9000000000000001
31177,2.6,2.7,0.10000000000000009
31179,2.4,2,-0.3999999999999999
31181,3.4,2.6,-0.7999999999999998
31183,3.2,1.6,-1.6
31185,2.4,2.2,-0.19999999999999973
32001,3.1,4.7,1.6
32003,3.9,14.8,10.9
32005,3.4,6.8,3.4
32007,2.6,4.3,1.6999999999999997
32009,3.8,4.6,0.7999999999999998
32011,2.4,3.1,0.7000000000000002
32013,2.7,4.4,1.7000000000000002
32015,2.9,4.1,1.1999999999999997
32017,3.4,4.5,1.1
32019,4.3,7.3,3
32021,3.6,5.4,1.8000000000000003
32023,4.9,8.9,4
32027,3.5,4.4,0.9000000000000004
32029,3.2,7.4,4.2
32031,3,6.7,3.7
32033,2.5,3.8,1.2999999999999998
32510,3.5,6.8,3.3
33001,2.2,5.9,3.7
33003,2.2,6.2,4
33005,2.4,5.3,2.9
33007,2.4,5.8,3.4
33009,2.1,4.5,2.4
33011,2.4,5.9,3.5000000000000004
33013,2.1,4.8,2.6999999999999997
33015,2.4,6,3.6
33017,2.2,5.3,3.0999999999999996
33019,2.2,4.8,2.5999999999999996
34001,4.6,10.1,5.5
34003,2.9,6.6,3.6999999999999997
34005,3.1,5.3,2.1999999999999997
34007,3.9,6.5,2.6
34009,4.2,6.9,2.7
34011,5,6.8,1.7999999999999998
34013,4.4,8.4,4
34015,3.5,5.7,2.2
34017,3.2,7.7,4.5
34019,2.6,4.5,1.9
34021,3.1,5.1,1.9999999999999996
34023,3,5.9,2.9000000000000004
34025,3,5.7,2.7
34027,2.7,5.1,2.3999999999999995
34029,3.4,5.8,2.4
34031,4,8.6,4.6
34033,4.6,6.1,1.5
34035,2.9,5.2,2.3000000000000003
34037,3.1,5.7,2.6
34039,3.6,6.8,3.1999999999999997
34041,3,5.2,2.2
35001,4.3,8.8,4.500000000000001
35003,5,8.1,3.0999999999999996
35005,4.8,9.7,4.8999999999999995
35006,6.1,10.4,4.300000000000001
35007,4.7,7.5,2.8
35009,4.2,6.4,2.2
35011,3.8,5.2,1.4000000000000004
35013,5.2,8.7,3.499999999999999
35015,3,8.4,5.4
35017,4.7,11.1,6.3999999999999995
35019,4.6,8.1,3.5
35021,5.2,5.1,-0.10000000000000053
35023,4.5,6.2,1.7000000000000002
35025,3.9,13.2,9.299999999999999
35027,4.1,9.7,5.6
35028,2.9,4.2,1.3000000000000003
35029,8.2,14.4,6.200000000000001
35031,6.7,12.1,5.3999999999999995
35033,5.2,8.5,3.3
35035,4.6,9.7,5.1
35037,4.9,8.7,3.799999999999999
35039,4.9,9.1,4.199999999999999
35041,4.3,7,2.7
35043,4.7,9.6,4.8999999999999995
35045,5.5,11.3,5.800000000000001
35047,5.6,8.8,3.200000000000001
35049,3.7,9.2,5.499999999999999
35051,5.9,11.1,5.199999999999999
35053,5.7,7.4,1.7000000000000002
35055,5.7,12.2,6.499999999999999
35057,6.2,10.4,4.2
35059,3.2,5.6,2.3999999999999995
35061,5.3,8.9,3.6000000000000005
36001,3.5,5.7,2.2
36003,4.5,5.3,0.7999999999999998
36005,4.8,18.8,14
36007,4.3,5.9,1.6000000000000005
36009,4.3,5.9,1.6000000000000005
36011,3.6,5.3,1.6999999999999997
36013,4.2,6.2,2
36015,3.9,5.9,2.0000000000000004
36017,3.7,4.7,1
36019,3.8,4.9,1.1000000000000005
36021,2.8,4.5,1.7000000000000002
36023,3.9,4.9,1.0000000000000004
36025,4,4.8,0.7999999999999998
36027,3.5,5.8,2.3
36029,3.9,6.7,2.8000000000000003
36031,3.5,4.7,1.2000000000000002
36033,4.1,5.1,1
36035,4.4,6.4,2
36037,3.3,4.8,1.5
36039,3.9,6,2.1
36041,3.7,4,0.2999999999999998
36043,3.9,5.2,1.3000000000000003
36045,4.7,5.4,0.7000000000000002
36047,3.6,14.1,10.5
36049,4.1,4.5,0.40000000000000036
36051,3.7,4.6,0.8999999999999995
36053,3.9,4.9,1.0000000000000004
36055,4,6.6,2.5999999999999996
36057,4.4,6.7,2.3
36059,3.4,6.6,3.1999999999999997
36061,3.1,10.9,7.800000000000001
36063,4.2,6.6,2.3999999999999995
36065,3.9,5.8,1.9
36067,3.7,6.3,2.5999999999999996
36069,3.4,4.9,1.5000000000000004
36071,3.7,6.4,2.7
36073,3.9,5.5,1.6
36075,4.7,6,1.2999999999999998
36077,3.6,5,1.4
36079,3.6,5.6,1.9999999999999996
36081,3.1,13.8,10.700000000000001
36083,3.5,5.2,1.7000000000000002
36085,3.4,11.6,8.2
36087,3.5,6.5,3
36089,4.7,5,0.2999999999999998
36091,3.1,4.7,1.6
36093,3.6,6.5,2.9
36095,3.8,4.7,0.9000000000000004
36097,3.4,4.9,1.5000000000000004
36099,3.3,5.3,2
36101,3.9,5.2,1.3000000000000003
36103,3.4,6.2,2.8000000000000003
36105,3.5,6.6,3.0999999999999996
36107,3.6,5,1.4
36109,3.7,4.3,0.5999999999999996
36111,3.5,5.6,2.0999999999999996
36113,3.6,5.2,1.6
36115,3.4,4.7,1.3000000000000003
36117,3.5,5.1,1.5999999999999996
36119,3.7,7,3.3
36121,3.3,4.4,1.1000000000000005
36123,3.1,4.1,0.9999999999999996
37001,3.4,6.8,3.4
37003,2.9,6.4,3.5000000000000004
37005,4,6.3,2.3
37007,3.8,8.5,4.7
37009,3,5.1,2.0999999999999996
37011,3,5.1,2.0999999999999996
37013,4.1,6.3,2.2
37015,4.3,6.3,2
37017,4.3,6.7,2.4000000000000004
37019,4.5,7.8,3.3
37021,2.6,7.4,4.800000000000001
37023,3.3,6.6,3.3
37025,3.2,6.7,3.5
37027,3.6,7.5,3.9
37029,3.2,4.8,1.5999999999999996
37031,3.4,5.3,1.9
37033,4,7.1,3.0999999999999996
37035,3.2,7.2,4
37037,2.9,5.2,2.3000000000000003
37039,3.9,6.8,2.9
37041,4.1,5.8,1.7000000000000002
37043,4,6.6,2.5999999999999996
37045,3.7,7.5,3.8
37047,4.4,8,3.5999999999999996
37049,3.6,6.4,2.8000000000000003
37051,4.6,9.4,4.800000000000001
37053,3.1,5.2,2.1
37055,3.2,6.6,3.3999999999999995
37057,3.3,6.7,3.4000000000000004
37059,3,6,3
37061,3.5,5.1,1.5999999999999996
37063,3,6.6,3.5999999999999996
37065,5.3,11.2,5.8999999999999995
37067,3.3,7.3,4
37069,3.6,6.7,3.1
37071,3.4,7.7,4.300000000000001
37073,3.6,5.4,1.8000000000000003
37075,4.5,7.5,3
37077,3,5.6,2.5999999999999996
37079,3.3,5.8,2.5
37081,3.7,8.3,4.6000000000000005
37083,5.4,9.5,4.1
37085,4.1,7,2.9000000000000004
37087,2.9,6.8,3.9
37089,2.8,6.1,3.3
37091,4.6,6.8,2.2
37093,4.5,8.6,4.1
37095,5.7,7.7,2
37097,3.2,6.8,3.5999999999999996
37099,3.4,5.8,2.4
37101,3.2,6.1,2.8999999999999995
37103,3.3,5.5,2.2
37105,4,7.4,3.4000000000000004
37107,3.4,6.2,2.8000000000000003
37109,3.1,6,2.9
37111,3.5,6.1,2.5999999999999996
37113,3.3,5.8,2.5
37115,3.3,6.2,2.9000000000000004
37117,4.5,7.1,2.5999999999999996
37119,3.3,7.8,4.5
37121,3.8,6.8,3
37123,3.7,6.6,2.8999999999999995
37125,3.3,6.2,2.9000000000000004
37127,4.4,8.5,4.1
37129,3.1,6.5,3.4
37131,4.8,7.2,2.4000000000000004
37133,4,6.6,2.5999999999999996
37135,2.8,5,2.2
37137,3.3,5.4,2.1000000000000005
37139,3.9,6.5,2.6
37141,3.4,6,2.6
37143,4.4,6,1.5999999999999996
37145,3.8,6.9,3.1000000000000005
37147,3.8,7,3.2
37149,3.4,5.6,2.1999999999999997
37151,3.3,6.7,3.4000000000000004
37153,4.8,9.1,4.3
37155,4.9,9.2,4.299999999999999
37157,3.9,7.7,3.8000000000000003
37159,3.5,7.3,3.8
37161,4.4,8.3,3.9000000000000004
37163,3.4,5.4,2.0000000000000004
37165,6,12,6
37167,3.4,5.7,2.3000000000000003
37169,3.1,5.9,2.8000000000000003
37171,3.3,5.9,2.6000000000000005
37173,3.2,5.8,2.5999999999999996
37175,3.2,5.3,2.0999999999999996
37177,4.8,7.6,2.8
37179,3.1,5.7,2.6
37181,5.4,10.1,4.699999999999999
37183,3,6.1,3.0999999999999996
37185,5.1,9.4,4.300000000000001
37187,5,8.5,3.5
37189,3,4.6,1.5999999999999996
37191,3.7,6.4,2.7
37193,3.6,5.9,2.3000000000000003
37195,5.4,8.5,3.0999999999999996
37197,3,6,3
37199,3.2,5.7,2.5
38001,1.9,3.2,1.3000000000000003
38003,1.9,2.5,0.6000000000000001
38005,3.1,4.9,1.8000000000000003
38007,1.8,3.7,1.9000000000000001
38009,2.1,4.2,2.1
38011,1.4,2.7,1.3000000000000003
38013,1.9,3.8,1.9
38015,1.8,2.9,1.0999999999999999
38017,1.7,3,1.3
38019,1.9,2.7,0.8000000000000003
38021,1.8,1.9,0.09999999999999987
38023,1.4,2.6,1.2000000000000002
38025,1.4,4.1,2.6999999999999997
38027,2.8,2.8,0
38029,2.5,3.6,1.1
38031,2,2.3,0.2999999999999998
38033,1.6,2.5,0.8999999999999999
38035,1.7,3,1.3
38037,1.5,1.9,0.3999999999999999
38039,1.9,2.2,0.30000000000000027
38041,1.7,3.2,1.5000000000000002
38043,2.3,2.8,0.5
38045,1.5,1.6,0.10000000000000009
38047,1.5,2.3,0.7999999999999998
38049,2.2,3.1,0.8999999999999999
38051,2.3,2.7,0.40000000000000036
38053,1.5,6.3,4.8
38055,2.2,3.3,1.0999999999999996
38057,2.8,4.5,1.7000000000000002
38059,2.1,3.5,1.4
38061,1.2,4.5,3.3
38063,2.2,2.5,0.2999999999999998
38065,2.3,4,1.7000000000000002
38067,2.6,3.2,0.6000000000000001
38069,2.4,2.9,0.5
38071,2.1,3,0.8999999999999999
38073,1.4,2,0.6000000000000001
38075,1.9,3.7,1.8000000000000003
38077,1.8,2.3,0.4999999999999998
38079,5.3,11.8,6.500000000000001
38081,1.5,1.7,0.19999999999999996
38083,2.8,3.8,1
38085,3.6,3.5,-0.10000000000000009
38087,2.2,2.6,0.3999999999999999
38089,1.7,6.2,4.5
38091,1.6,2,0.3999999999999999
38093,1.7,2.6,0.9000000000000001
38095,2.3,2.2,-0.09999999999999964
38097,2.1,2.3,0.19999999999999973
38099,2.5,2.9,0.3999999999999999
38101,1.9,4.7,2.8000000000000003
38103,2.4,2.8,0.3999999999999999
38105,1.5,8.8,7.300000000000001
39001,5.8,8.4,2.6000000000000005
39003,3.9,7.6,3.6999999999999997
39005,3.8,5.7,1.9000000000000004
39007,4.3,7.8,3.5
39009,4.9,7.3,2.3999999999999995
39011,3,5.6,2.5999999999999996
39013,5.1,9.8,4.700000000000001
39015,4.5,7.7,3.2
39017,3.7,7.3,3.5999999999999996
39019,4.2,8.1,3.8999999999999995
39021,3.6,6.1,2.4999999999999996
39023,4,7.5,3.5
39025,3.6,6.6,2.9999999999999996
39027,4.4,7.9,3.5
39029,4.5,8.9,4.4
39031,5.5,7.9,2.4000000000000004
39033,4.4,8,3.5999999999999996
39035,3.9,11.2,7.299999999999999
39037,3.5,5.5,2
39039,4,6.2,2.2
39041,3.2,5.4,2.2
39043,4,8.6,4.6
39045,3.6,6.6,2.9999999999999996
39047,3.8,7.3,3.5
39049,3.5,8.3,4.800000000000001
39051,3.5,6,2.5
39053,5,7.4,2.4000000000000004
39055,3.1,6.1,2.9999999999999996
39057,3.7,6.2,2.5
39059,4.8,7.6,2.8
39061,3.8,8.4,4.6000000000000005
39063,3.1,5.7,2.6
39065,4.2,6.6,2.3999999999999995
39067,5,9,4
39069,3.7,6.1,2.3999999999999995
39071,4.8,7.6,2.8
39073,3.9,6.6,2.6999999999999997
39075,3,3.5,0.5
39077,4.6,6.9,2.3000000000000007
39079,5.3,8.6,3.3
39081,5.6,10.3,4.700000000000001
39083,3.7,5.5,1.7999999999999998
39085,3.2,8,4.8
39087,5,8.1,3.0999999999999996
39089,3.6,6.4,2.8000000000000003
39091,3.6,6.2,2.6
39093,3.8,9.4,5.6000000000000005
39095,4.2,9.6,5.3999999999999995
39097,3.3,5.8,2.5
39099,5.3,10.1,4.8
39101,3.9,7.3,3.4
39103,3.2,7.1,3.8999999999999995
39105,6,9.5,3.5
39107,2.7,4.4,1.7000000000000002
39109,3.6,6.5,2.9
39111,6.7,10.5,3.8
39113,4.1,8.8,4.700000000000001
39115,5.2,7.7,2.5
39117,3.6,6.4,2.8000000000000003
39119,4.3,7.3,3
39121,5.7,8.7,2.999999999999999
39123,4,7.4,3.4000000000000004
39125,3.7,5.6,1.8999999999999995
39127,4.6,8.1,3.5
39129,3.7,6.6,2.8999999999999995
39131,5.5,8.5,3
39133,3.9,7.1,3.1999999999999997
39135,3.6,6.1,2.4999999999999996
39137,2.8,4,1.2000000000000002
39139,4.2,7.8,3.5999999999999996
39141,3.8,7,3.2
39143,3.9,6.4,2.5000000000000004
39145,5.6,8.2,2.5999999999999996
39147,3.9,6.5,2.6
39149,3.5,6.4,2.9000000000000004
39151,4.1,7.8,3.7
39153,4,8.5,4.5
39155,5.7,10.3,4.6000000000000005
39157,4,6.7,2.7
39159,3.3,5.2,1.9000000000000004
39161,3.3,5,1.7000000000000002
39163,4.8,8.1,3.3
39165,3.5,6.2,2.7
39167,4.8,7.8,3
39169,3.2,5.4,2.2
39171,3.2,6.2,3
39173,3.5,6.1,2.5999999999999996
39175,2.9,5.1,2.1999999999999997
40001,3.6,4.9,1.3000000000000003
40003,2.2,3.1,0.8999999999999999
40005,4.1,6.3,2.2
40007,1.8,1.8,0
40009,3.5,7.3,3.8
40011,2,5.2,3.2
40013,2.8,4.2,1.4000000000000004
40015,3.6,5.1,1.4999999999999996
40017,2.8,4.8,2
40019,3.3,5.5,2.2
40021,3.7,4.5,0.7999999999999998
40023,4.2,6.9,2.7
40025,1.7,1.4,-0.30000000000000004
40027,2.7,4.4,1.7000000000000002
40029,3.9,5.7,1.8000000000000003
40031,3.6,5.1,1.4999999999999996
40033,3,5.4,2.4000000000000004
40035,3.5,4.4,0.9000000000000004
40037,3.5,5.6,2.0999999999999996
40039,2.5,4.8,2.3
40041,3.4,3.9,0.5
40043,2.2,4.2,2
40045,2.6,4.4,1.8000000000000003
40047,2.9,4.9,2.0000000000000004
40049,3,5.7,2.7
40051,3.1,5.2,2.1
40053,1.9,2.9,1
40055,3.7,6.4,2.7
40057,2.8,3.2,0.40000000000000036
40059,2.9,2.9,0
40061,5.2,6.7,1.5
40063,4.5,6.6,2.0999999999999996
40065,2.8,3.2,0.40000000000000036
40067,3.2,5.7,2.5
40069,4.5,7,2.5
40071,3.9,5.5,1.6
40073,1.9,3.8,1.9
40075,3.9,4.4,0.5000000000000004
40077,6.2,9.2,2.999999999999999
40079,4.4,6,1.5999999999999996
40081,3.3,4.6,1.2999999999999998
40083,2.8,4.2,1.4000000000000004
40085,2.3,3.4,1.1
40087,2.7,4.6,1.8999999999999995
40089,5.1,5.9,0.8000000000000007
40091,5.3,6.8,1.5
40093,2.2,4.5,2.3
40095,3.2,4.8,1.5999999999999996
40097,2.9,4.4,1.5000000000000004
40099,2.8,5.2,2.4000000000000004
40101,3.6,4.9,1.3000000000000003
40103,2.5,3.2,0.7000000000000002
40105,3,4.6,1.5999999999999996
40107,4.3,5.6,1.2999999999999998
40109,3,5.2,2.2
40111,4.6,6.3,1.7000000000000002
40113,3.5,5.6,2.0999999999999996
40115,3.2,4,0.7999999999999998
40117,3.5,5.4,1.9000000000000004
40119,2.8,3.9,1.1
40121,4.4,6.4,2
40123,2.8,4.1,1.2999999999999998
40125,3.4,5,1.6
40127,4.7,5.6,0.8999999999999995
40129,3.3,4.6,1.2999999999999998
40131,2.9,4.8,1.9
40133,4.5,6.3,1.7999999999999998
40135,3.9,5.6,1.6999999999999997
40137,4.5,7,2.5
40139,1.9,1.8,-0.09999999999999987
40141,3.1,3.5,0.3999999999999999
40143,3,5.5,2.5
40145,3,4.9,1.9000000000000004
40147,3.2,4.8,1.5999999999999996
40149,3.3,6.3,3
40151,2,2.7,0.7000000000000002
40153,3,6.5,3.5
41001,3.2,6.3,3.0999999999999996
41003,2.8,5.5,2.7
41005,2.9,7.3,4.4
41007,2.9,7.6,4.699999999999999
41009,3.9,7.5,3.6
41011,3.8,8.2,4.3999999999999995
41013,3.8,7.9,4.1000000000000005
41015,3.9,7.7,3.8000000000000003
41017,2.9,6.7,3.8000000000000003
41019,3.9,7.3,3.4
41021,3.3,5.7,2.4000000000000004
41023,3.5,5.8,2.3
41025,3.2,4.9,1.7000000000000002
41027,2.3,5,2.7
41029,3.3,7.3,4
41031,3.5,7.4,3.9000000000000004
41033,3.8,7.2,3.4000000000000004
41035,4.8,7.3,2.5
41037,3.3,4.6,1.2999999999999998
41039,3.4,7.4,4
41041,3.4,9.7,6.299999999999999
41043,3.6,7.6,3.9999999999999996
41045,3,4.6,1.5999999999999996
41047,3.2,6.8,3.5999999999999996
41049,2.9,4.3,1.4
41051,2.8,8.7,5.8999999999999995
41053,3.4,6.6,3.1999999999999997
41055,2.9,5.8,2.9
41057,3.1,7.4,4.300000000000001
41059,3.4,5.4,2.0000000000000004
41061,3.5,6,2.5
41063,3.2,5.1,1.8999999999999995
41065,3.4,6.6,3.1999999999999997
41067,2.7,6.4,3.7
41069,3.4,3.7,0.30000000000000027
41071,2.9,6.3,3.4
42001,3,5,2
42003,4,7.9,3.9000000000000004
42005,4.1,7.7,3.6000000000000005
42007,4.2,8.6,4.3999999999999995
42009,4,7.5,3.5
42011,4.2,7.5,3.3
42013,4.2,6.6,2.3999999999999995
42015,4,5.8,1.7999999999999998
42017,3.7,7.1,3.3999999999999995
42019,3.5,6.2,2.7
42021,4.7,7.3,2.5999999999999996
42023,4.9,11.2,6.299999999999999
42025,5.1,7.6,2.5
42027,3.3,4.5,1.2000000000000002
42029,3.1,5.4,2.3000000000000003
42031,4.2,5.7,1.5
42033,4.6,6.9,2.3000000000000007
42035,4.7,6.5,1.7999999999999998
42037,4.1,5.9,1.8000000000000007
42039,4.2,7.3,3.0999999999999996
42041,3.3,5.4,2.1000000000000005
42043,4.1,7.5,3.4000000000000004
42045,4.1,8.1,4
42047,4.6,9.6,5
42049,4.1,8.2,4.1
42051,5.1,9.7,4.6
42053,5.9,8,2.0999999999999996
42055,3.6,6.5,2.9
42057,3.8,10.5,6.7
42059,4.7,7.7,3
42061,5.1,8.3,3.200000000000001
42063,4.3,6.8,2.5
42065,4.1,6.8,2.7
42067,3.8,4.8,1
42069,4.6,8.2,3.5999999999999996
42071,3.3,5.8,2.5
42073,4.3,8.5,4.2
42075,3.8,6.5,2.7
42077,4.4,8.1,3.6999999999999993
42079,5.3,9.5,4.2
42081,4.5,7.5,3
42083,4.9,7.3,2.3999999999999995
42085,4.5,8.4,3.9000000000000004
42087,3.9,7.4,3.5000000000000004
42089,5.2,9.8,4.6000000000000005
42091,3.5,6.6,3.0999999999999996
42093,3.2,4.6,1.3999999999999995
42095,4.3,7.4,3.1000000000000005
42097,4.9,7.5,2.5999999999999996
42099,3.3,5.2,1.9000000000000004
42101,5.6,11.7,6.1
42103,5.4,9,3.5999999999999996
42105,4.8,7.3,2.5
42107,5.1,7.5,2.4000000000000004
42109,5,4.9,-0.09999999999999964
42111,4.5,7.1,2.5999999999999996
42113,4.6,6.7,2.1000000000000005
42115,3.7,5.9,2.2
42117,4.3,7.2,2.9000000000000004
42119,3.8,5.1,1.2999999999999998
42121,4.5,7.2,2.7
42123,4.1,6.7,2.6000000000000005
42125,4.3,7.9,3.6000000000000005
42127,3.8,7.2,3.4000000000000004
42129,4,7.2,3.2
42131,4.3,6.5,2.2
42133,3.7,6.3,2.5999999999999996
44001,2.7,7.7,5
44003,2.8,9.2,6.3999999999999995
44005,2.4,7.9,5.5
44007,3.5,11.3,7.800000000000001
44009,2.7,7.8,5.1
45001,2.5,4.5,2
45003,2.1,3.4,1.2999999999999998
45005,4.5,7.7,3.2
45007,1.9,4.1,2.1999999999999997
45009,4.8,7.4,2.6000000000000005
45011,3.4,5.8,2.4
45013,1.8,3.6,1.8
45015,1.8,4.4,2.6000000000000005
45017,2.8,5,2.2
45019,1.6,5.1,3.4999999999999996
45021,2.2,6.4,4.2
45023,3,7.9,4.9
45025,2.1,4.8,2.6999999999999997
45027,2.8,5.3,2.5
45029,2.3,5.2,2.9000000000000004
45031,2.6,5.3,2.6999999999999997
45033,3.1,4.9,1.8000000000000003
45035,1.7,4.6,2.8999999999999995
45037,2,3.5,1.5
45039,3.4,6.5,3.1
45041,2.1,4.6,2.4999999999999996
45043,2.5,5.8,3.3
45045,1.7,4,2.3
45047,2.3,5.1,2.8
45049,1.9,4.1,2.1999999999999997
45051,2.3,6,3.7
45053,1.7,4,2.3
45055,2.2,4,1.7999999999999998
45057,2.5,5.6,3.0999999999999996
45059,2.2,4.8,2.5999999999999996
45061,3.3,6.3,3
45063,1.6,3.3,1.6999999999999997
45065,2.1,5.4,3.3000000000000003
45067,3.1,6.8,3.6999999999999997
45069,3.2,8.2,4.999999999999999
45071,2.1,3.7,1.6
45073,1.9,3.4,1.5
45075,4.2,7.5,3.3
45077,2,3.5,1.5
45079,2,4.9,2.9000000000000004
45081,2,2.8,0.7999999999999998
45083,1.8,5,3.2
45085,2.4,5.6,3.1999999999999997
45087,2.6,7.5,4.9
45089,3.4,6.6,3.1999999999999997
45091,2,5,3
46003,3.2,3.5,0.2999999999999998
46005,3,3.4,0.3999999999999999
46007,5.5,4.8,-0.7000000000000002
46009,3,3.7,0.7000000000000002
46011,2.9,3.4,0.5
46013,2.9,3.5,0.6000000000000001
46015,3.2,3.5,0.2999999999999998
46017,7.7,5.6,-2.1000000000000005
46019,3.1,4.4,1.3000000000000003
46021,3.2,3.3,0.09999999999999964
46023,3.4,6,2.6
46025,3.6,3.8,0.19999999999999973
46027,2.9,3.3,0.3999999999999999
46029,2.8,4,1.2000000000000002
46031,5.9,4.7,-1.2000000000000002
46033,3.8,4.7,0.9000000000000004
46035,2.7,4.7,2
46037,3.5,3.9,0.3999999999999999
46039,3.6,4.4,0.8000000000000003
46041,7.6,7.7,0.10000000000000053
46043,2.5,2.8,0.2999999999999998
46045,2.9,2.4,-0.5
46047,4,5.1,1.0999999999999996
46049,3.2,3.6,0.3999999999999999
46051,2.6,2.8,0.19999999999999973
46053,3.1,3.2,0.10000000000000009
46055,2.7,2.5,-0.20000000000000018
46057,2.7,2.7,0
46059,2.7,2.4,-0.30000000000000027
46061,3.6,4.2,0.6000000000000001
46063,2.8,3.1,0.30000000000000027
46065,2.4,2.7,0.30000000000000027
46067,2.8,2.9,0.10000000000000009
46069,3.3,3.2,-0.09999999999999964
46071,5,3.9,-1.1
46073,2.7,2.7,0
46075,2.6,3.8,1.1999999999999997
46077,2.6,3.2,0.6000000000000001
46079,3.4,3.2,-0.19999999999999973
46081,3,4,1
46083,2.4,3,0.6000000000000001
46085,4,4.6,0.5999999999999996
46087,2.6,3.1,0.5
46089,4,4.7,0.7000000000000002
46091,3.5,3.6,0.10000000000000009
46093,3.3,3.7,0.40000000000000036
46095,4.6,5.5,0.9000000000000004
46097,3.1,5.6,2.4999999999999996
46099,2.6,3.6,1
46101,3.3,4.8,1.5
46102,9.5,10.3,0.8000000000000007
46103,3.2,4.3,1.0999999999999996
46105,3,4.3,1.2999999999999998
46107,3.1,2.9,-0.20000000000000018
46109,3.3,4,0.7000000000000002
46111,2.9,4.9,2.0000000000000004
46115,3.1,3.5,0.3999999999999999
46117,2.4,2.9,0.5
46119,2.9,4.1,1.1999999999999997
46121,5.6,5.4,-0.1999999999999993
46123,3,2.5,-0.5
46125,2.8,2.9,0.10000000000000009
46127,3.4,4.1,0.6999999999999997
46129,4.5,5,0.5
46135,2.8,3.8,1
46137,5.2,4.5,-0.7000000000000002
47001,3.3,5,1.7000000000000002
47003,3.6,5.6,1.9999999999999996
47005,4.2,6.2,2
47007,4.7,5.7,1
47009,2.9,4.7,1.8000000000000003
47011,3.2,5.2,2
47013,4,5.2,1.2000000000000002
47015,2.9,4.4,1.5000000000000004
47017,4.3,5.2,0.9000000000000004
47019,3.7,5.3,1.5999999999999996
47021,2.4,4.6,2.1999999999999997
47023,3.3,4.4,1.1000000000000005
47025,3.8,4.5,0.7000000000000002
47027,5.4,5.3,-0.10000000000000053
47029,3.8,7.1,3.3
47031,3.3,5.3,2
47033,3.2,4.4,1.2000000000000002
47035,3.9,5.5,1.6
47037,2.4,7.5,5.1
47039,4.6,6.1,1.5
47041,3.8,6.1,2.3
47043,2.8,4.4,1.6000000000000005
47045,4.7,5.8,1.0999999999999996
47047,3.8,5.5,1.7000000000000002
47049,3.9,5,1.1
47051,3.2,4.8,1.5999999999999996
47053,4,5.5,1.5
47055,3.4,5.6,2.1999999999999997
47057,3.4,5.3,1.9
47059,4.6,6.2,1.6000000000000005
47061,3.8,6.3,2.5
47063,3.6,5.3,1.6999999999999997
47065,3.1,5.6,2.4999999999999996
47067,5.1,6.4,1.3000000000000007
47069,5.4,7.1,1.6999999999999993
47071,3.7,5.4,1.7000000000000002
47073,4,5.7,1.7000000000000002
47075,4.6,8.6,4
47077,3.8,5.8,2
47079,3.8,5.1,1.2999999999999998
47081,2.9,4.3,1.4
47083,4.4,6,1.5999999999999996
47085,3.7,4.6,0.8999999999999995
47087,3.9,5.6,1.6999999999999997
47089,3.4,5.2,1.8000000000000003
47091,3.1,4.4,1.3000000000000003
47093,2.7,4.6,1.8999999999999995
47095,4.9,7,2.0999999999999996
47097,5,7.5,2.5
47099,3.8,5.4,1.6000000000000005
47101,3.2,5.5,2.3
47103,2.9,5.9,3.0000000000000004
47105,3.1,4.5,1.4
47107,3.5,5.7,2.2
47109,4.6,6.8,2.2
47111,2.8,4.9,2.1000000000000005
47113,3.5,6.8,3.3
47115,4,5.5,1.5
47117,3,5.9,2.9000000000000004
47119,2.6,5.8,3.1999999999999997
47121,3.9,6.6,2.6999999999999997
47123,3.3,5.3,2
47125,3.6,6.2,2.6
47127,2.9,3.2,0.30000000000000027
47129,3.7,4.8,1.0999999999999996
47131,4,5.3,1.2999999999999998
47133,3.2,4.2,1
47135,3.6,5.9,2.3000000000000003
47137,3.7,3.7,0
47139,3.7,4.9,1.2000000000000002
47141,3.2,4.8,1.5999999999999996
47143,5,6.5,1.5
47145,3.7,4.8,1.0999999999999996
47147,2.7,4.8,2.0999999999999996
47149,2.4,5.4,3.0000000000000004
47151,4.1,6.3,2.2
47153,4.1,5.6,1.5
47155,2.4,6.1,3.6999999999999997
47157,3.9,9.9,6
47159,2.7,4.3,1.5999999999999996
47161,3.8,4.5,0.7000000000000002
47163,3.5,5.7,2.2
47165,2.5,5.3,2.8
47167,3.8,5.6,1.7999999999999998
47169,2.8,5.2,2.4000000000000004
47171,4.5,6,1.5
47173,3.5,5.1,1.5999999999999996
47175,4,6.4,2.4000000000000004
47177,3.8,6,2.2
47179,3.3,4.9,1.6000000000000005
47181,4,5,1
47183,3.5,4.5,1
47185,3.5,5.1,1.5999999999999996
47187,2.3,3.6,1.3000000000000003
47189,2.5,5.3,2.8
48001,2.7,6.5,3.8
48003,2.3,9.2,6.8999999999999995
48005,3.9,8.6,4.699999999999999
48007,3.9,9.3,5.4
48009,2.7,5.7,3
48011,2.6,4.2,1.6
48013,3.5,9.7,6.199999999999999
48015,3.3,7.2,3.9000000000000004
48017,3.4,5.1,1.6999999999999997
48019,3.3,6.4,3.1000000000000005
48021,2.9,6.3,3.4
48023,2.2,4,1.7999999999999998
48025,4.4,11.7,7.299999999999999
48027,3.7,7.5,3.8
48029,3.1,8.1,5
48031,2.3,4.2,1.9000000000000004
48033,2.6,3.9,1.2999999999999998
48035,3.4,5.9,2.5000000000000004
48037,4.3,7.4,3.1000000000000005
48039,4.3,9.5,5.2
48041,2.6,5.3,2.6999999999999997
48043,2.9,6.9,4
48045,3.7,4.4,0.7000000000000002
48047,5,11.7,6.699999999999999
48049,3.8,7,3.2
48051,2.9,6.8,3.9
48053,2.7,5.1,2.3999999999999995
48055,3.3,6.6,3.3
48057,3.1,6.5,3.4
48059,3,5.9,2.9000000000000004
48061,5.2,11.1,5.8999999999999995
48063,4.1,8.4,4.300000000000001
48065,2.3,4.4,2.1000000000000005
48067,4.2,8.8,4.6000000000000005
48069,2.6,4,1.4
48071,4.2,11,6.8
48073,3.7,9.5,5.8
48075,2.7,4.3,1.5999999999999996
48077,3,6.1,3.0999999999999996
48079,2.9,8.6,5.699999999999999
48081,3,6.4,3.4000000000000004
48083,4,8.5,4.5
48085,3,6.5,3.5
48087,3.5,4.9,1.4000000000000004
48089,3,6.4,3.4000000000000004
48091,2.9,6.5,3.6
48093,3.1,6.2,3.1
48095,3.1,4.7,1.6
48097,2.7,7.3,4.6
48099,3.8,7,3.2
48101,4.3,5.2,0.9000000000000004
48103,4.1,16.4,12.299999999999999
48105,3.3,9.9,6.6000000000000005
48107,3.9,5.4,1.5000000000000004
48109,4.1,8.7,4.6
48111,1.8,3.1,1.3
48113,3.3,8.2,4.8999999999999995
48115,4,9.8,5.800000000000001
48117,2.7,4,1.2999999999999998
48119,3.5,5.8,2.3
48121,2.9,6.6,3.6999999999999997
48123,2.5,7.1,4.6
48125,4.5,7.6,3.0999999999999996
48127,2.5,6.6,4.1
48129,3.4,4.9,1.5000000000000004
48131,4.2,14.3,10.100000000000001
48133,3.2,7.3,4.1
48135,2.7,13.2,10.5
48137,2,4.9,2.9000000000000004
48139,3,6.4,3.4000000000000004
48141,3.7,8.7,4.999999999999999
48143,3.2,6,2.8
48145,3.2,6.4,3.2
48147,2.7,4.9,2.2
48149,2.6,5.5,2.9
48151,3.2,5.7,2.5
48153,4,6,2
48155,3.4,4.4,1.0000000000000004
48157,3.4,8.6,5.199999999999999
48159,3.5,6.1,2.5999999999999996
48161,4.7,9.6,4.8999999999999995
48163,2.3,6.2,3.9000000000000004
48165,2.4,6.7,4.300000000000001
48167,3.9,9.4,5.5
48169,2.6,8,5.4
48171,2.4,4.8,2.4
48173,2.1,5,2.9
48175,3.1,8.8,5.700000000000001
48177,2.6,6.3,3.6999999999999997
48179,3.5,9.1,5.6
48181,3,6.1,3.0999999999999996
48183,3.7,9.3,5.6000000000000005
48185,3.9,8.8,4.9
48187,2.9,6.3,3.4
48189,4.2,6.9,2.7
48191,3.9,6.9,3.0000000000000004
48193,3.1,5.3,2.1999999999999997
48195,2.2,4.1,1.8999999999999995
48197,2.9,4.8,1.9
48199,4.4,9.9,5.5
48201,3.7,10,6.3
48203,4,8.9,4.9
48205,1.7,2,0.30000000000000004
48207,3.2,6.1,2.8999999999999995
48209,2.8,6.5,3.7
48211,2.5,4.6,2.0999999999999996
48213,3.4,7.2,3.8000000000000003
48215,6,12.8,6.800000000000001
48217,3.2,6.7,3.5
48219,2.8,8.7,5.8999999999999995
48221,3.4,7.4,4
48223,2.9,5.8,2.9
48225,3,5.8,2.8
48227,3.1,9.3,6.200000000000001
48229,4.8,8.3,3.500000000000001
48231,3.4,6.8,3.4
48233,4.4,7.8,3.3999999999999995
48235,2.4,7.7,5.300000000000001
48237,3.2,8.1,4.8999999999999995
48239,2.8,6.4,3.6000000000000005
48241,5.8,12.8,7.000000000000001
48243,3,5.5,2.5
48245,5.8,13.3,7.500000000000001
48247,4.3,12.5,8.2
48249,4.4,14.7,10.299999999999999
48251,3.1,7,3.9
48253,4.2,7.8,3.5999999999999996
48255,2.5,7.5,5
48257,3.2,7.1,3.8999999999999995
48259,2.7,5.2,2.5
48261,4,6,2
48263,2.3,4.1,1.7999999999999998
48265,2.9,5.7,2.8000000000000003
48267,3.2,6.4,3.2
48269,1.6,1.4,-0.20000000000000018
48271,2.9,6.4,3.5000000000000004
48273,4.3,9.6,5.3
48275,3.1,6.6,3.4999999999999996
48277,3.2,6.9,3.7
48279,3.7,5.5,1.7999999999999998
48281,3.1,5.6,2.4999999999999996
48283,2.6,7.1,4.5
48285,3,6.6,3.5999999999999996
48287,2.5,5.1,2.5999999999999996
48289,4.5,8.2,3.6999999999999993
48291,4.9,12,7.1
48293,3.7,8.2,4.499999999999999
48295,2.5,5,2.5
48297,3,8.5,5.5
48299,3.3,6.1,2.8
48301,0.7,0.6,-0.09999999999999998
48303,2.7,6.1,3.3999999999999995
48305,3,5.7,2.7
48307,5.6,8.6,3
48309,3.2,6.4,3.2
48311,1.6,3.1,1.5
48313,4.4,8.5,4.1
48315,4,9.5,5.5
48317,2.6,6.7,4.1
48319,3.1,6.4,3.3000000000000003
48321,5.7,11.6,5.8999999999999995
48323,6.3,16.5,10.2
48325,3.1,6.7,3.6
48327,3.4,5.7,2.3000000000000003
48329,2.1,9.7,7.6
48331,4.5,7.8,3.3
48333,2.9,4.7,1.8000000000000003
48335,3.6,10.2,6.6
48337,2.9,7.3,4.4
48339,3.3,8.3,5.000000000000001
48341,2.3,4.2,1.9000000000000004
48343,5.1,14,8.9
48345,3.3,4.9,1.6000000000000005
48347,3.6,7.4,3.8000000000000003
48349,3,6.3,3.3
48351,6,12.3,6.300000000000001
48353,2.9,6,3.1
48355,4,9.9,5.9
48357,2.7,6.6,3.8999999999999995
48359,2.7,3.9,1.1999999999999997
48361,5.1,12,6.9
48363,3,8.1,5.1
48365,4,9.2,5.199999999999999
48367,2.8,6.4,3.6000000000000005
48369,2.2,3,0.7999999999999998
48371,3.2,10.1,6.8999999999999995
48373,4.5,9.8,5.300000000000001
48375,2.7,5.8,3.0999999999999996
48377,6.7,17.6,10.900000000000002
48379,3,5.2,2.2
48381,2.4,4.6,2.1999999999999997
48383,2.7,11.6,8.899999999999999
48385,4.1,8.8,4.700000000000001
48387,4.4,7.1,2.6999999999999993
48389,1.9,6.6,4.699999999999999
48391,3.7,9.5,5.8
48393,2.6,6.1,3.4999999999999996
48395,3.4,6.7,3.3000000000000003
48397,3,6.2,3.2
48399,2.7,5.2,2.5
48401,3.6,8.3,4.700000000000001
48403,6.2,12.8,6.6000000000000005
48405,4.7,9.7,4.999999999999999
48407,4.5,9.2,4.699999999999999
48409,5.3,11.2,5.8999999999999995
48411,2.9,4.7,1.8000000000000003
48413,3.1,8.4,5.300000000000001
48415,3,8.8,5.800000000000001
48417,2.2,5.9,3.7
48419,3.8,8,4.2
48421,2.2,3.2,1
48423,3.3,7.2,3.9000000000000004
48425,3.5,6.9,3.4000000000000004
48427,9.8,18.5,8.7
48429,3.1,7.8,4.699999999999999
48431,2.9,7.5,4.6
48433,2.9,6,3.1
48435,3.9,10.9,7
48437,3.5,5.7,2.2
48439,3.2,7.8,4.6
48441,2.8,5.8,3
48443,4.5,5.6,1.0999999999999996
48445,3.4,8.6,5.199999999999999
48447,4.1,6.2,2.1000000000000005
48449,3.9,7.5,3.6
48451,2.9,7.1,4.199999999999999
48453,2.5,6.6,4.1
48455,4.6,9.3,4.700000000000001
48457,5.6,11.6,6
48459,3.5,8.7,5.199999999999999
48461,2.7,7.2,4.5
48463,3.6,7.3,3.6999999999999997
48465,3.1,8.6,5.5
48467,3.2,6.7,3.5
48469,3.4,8.8,5.4
48471,3.8,8.1,4.3
48473,3.7,8.7,4.999999999999999
48475,2.2,9.4,7.2
48477,3.1,6.1,2.9999999999999996
48479,3.4,9.4,6
48481,3.4,8,4.6
48483,3.2,7.6,4.3999999999999995
48485,3,7.3,4.3
48487,3.2,6.3,3.0999999999999996
48489,7.5,12.4,4.9
48491,2.8,6,3.2
48493,2.7,6.2,3.5
48495,2.9,12,9.1
48497,3,6.9,3.9000000000000004
48499,3.8,7.2,3.4000000000000004
48501,3,12.9,9.9
48503,2.9,5.7,2.8000000000000003
48505,4.8,13.7,8.899999999999999
48507,8.2,17,8.8
49001,2.3,4.1,1.7999999999999998
49003,2.1,3.6,1.5
49005,1.8,3,1.2
49007,3,5.3,2.3
49009,2.6,3.1,0.5
49011,2,4,2
49013,3.2,9.2,5.999999999999999
49015,3.2,4.7,1.5
49017,2.9,5.7,2.8000000000000003
49019,1.7,6.2,4.5
49021,2.3,4.4,2.1000000000000005
49023,1.9,2.9,1
49025,2,4.4,2.4000000000000004
49027,2.2,3.3,1.0999999999999996
49029,2,3.1,1.1
49031,3.9,5.2,1.3000000000000003
49033,2,2.3,0.2999999999999998
49035,2.1,5.2,3.1
49037,3.6,10.2,6.6
49039,2.5,3.8,1.2999999999999998
49041,2.2,4.2,2
49043,2.1,6.7,4.6
49045,2.4,4.9,2.5000000000000004
49047,3.5,10.7,7.199999999999999
49049,2,3.8,1.7999999999999998
49051,2.2,5.5,3.3
49053,2.5,5.2,2.7
49055,2.9,4.9,2.0000000000000004
49057,2.3,4.7,2.4000000000000004
50001,2.3,3.3,1
50003,2.8,4.9,2.1000000000000005
50005,2.6,3.9,1.2999999999999998
50007,2,3.7,1.7000000000000002
50009,3,3.7,0.7000000000000002
50011,2.2,4,1.7999999999999998
50013,2.1,4.4,2.3000000000000003
50015,2.6,5.2,2.6
50017,2.1,3.2,1.1
50019,3.5,5.4,1.9000000000000004
50021,2.7,5.3,2.5999999999999996
50023,2,3.5,1.5
50025,2.6,5.2,2.6
50027,2.2,3.9,1.6999999999999997
51001,2.9,5.7,2.8000000000000003
51003,2.3,5,2.7
51005,3.2,5.6,2.3999999999999995
51007,2.6,5.5,2.9
51009,3,5.5,2.5
51011,3.2,5.7,2.5
51013,1.8,4.5,2.7
51015,2.2,3.9,1.6999999999999997
51017,2.2,6.5,4.3
51019,2.8,4.8,2
51021,2.5,4.6,2.0999999999999996
51023,2.5,3.9,1.4
51025,4.2,8.2,3.999999999999999
51027,5.9,8.7,2.799999999999999
51029,3.2,6.6,3.3999999999999995
51031,2.9,5.9,3.0000000000000004
51033,2.9,6.3,3.4
51035,3.2,6.1,2.8999999999999995
51036,3,6.2,3.2
51037,3.2,5.2,2
51041,2.6,5.7,3.1
51043,2.2,4.2,2
51045,2.9,4.7,1.8000000000000003
51047,2.4,4.4,2.0000000000000004
51049,2.7,6.2,3.5
51051,4.4,7.4,3
51053,3,6.3,3.3
51057,3,7.2,4.2
51059,2.1,5.7,3.6
51061,2.2,4.2,2
51063,2.3,4,1.7000000000000002
51065,2.1,4.8,2.6999999999999997
51067,2.8,5.1,2.3
51069,2.2,4.3,2.0999999999999996
51071,2.8,5.2,2.4000000000000004
51073,2.4,5.1,2.6999999999999997
51075,2.6,4.5,1.9
51077,2.5,4.6,2.0999999999999996
51079,2.3,4.5,2.2
51081,3.2,7.5,4.3
51083,3.7,6.4,2.7
51085,2.3,4.4,2.1000000000000005
51087,2.6,6.5,3.9
51089,3.1,7.2,4.1
51091,2.5,3.4,0.8999999999999999
51093,2.5,5.1,2.5999999999999996
51095,2.4,6.4,4
51097,2.6,5.3,2.6999999999999997
51099,2.4,4.3,1.9
51101,2.6,5.2,2.6
51103,2.9,6,3.1
51105,4.4,5.8,1.3999999999999995
51107,2.1,5.1,2.9999999999999996
51109,2.4,4.8,2.4
51111,3.1,5.6,2.4999999999999996
51113,2.1,3.4,1.2999999999999998
51115,2.6,4.4,1.8000000000000003
51117,3.8,6.8,3
51119,2.4,4.9,2.5000000000000004
51121,2.7,4,1.2999999999999998
51125,2.4,5.3,2.9
51127,2.2,4.2,2
51131,3.5,7.2,3.7
51133,3,5.4,2.4000000000000004
51135,2.5,5.4,2.9000000000000004
51137,2.8,5,2.2
51139,2.8,5.5,2.7
51141,3.1,5.8,2.6999999999999997
51143,3.2,6.1,2.8999999999999995
51145,2.4,4.2,1.8000000000000003
51147,3.4,6,2.6
51149,3.2,6.3,3.0999999999999996
51153,2.3,6.4,4.1000000000000005
51155,2.9,6.6,3.6999999999999997
51157,2.3,4.3,2
51159,2.6,4.6,1.9999999999999996
51161,2.4,4.5,2.1
51163,2.6,4.4,1.8000000000000003
51165,2.1,3.9,1.7999999999999998
51167,3.8,5.8,2
51169,2.8,4,1.2000000000000002
51171,2.3,4.8,2.5
51173,3.5,5.6,2.0999999999999996
51175,2.6,5.1,2.4999999999999996
51177,2.7,5.7,3
51179,2.5,5.4,2.9000000000000004
51181,3,5.4,2.4000000000000004
51183,4.4,9.1,4.699999999999999
51185,4.1,7.2,3.1000000000000005
51187,2.6,5.3,2.6999999999999997
51191,3,4.8,1.7999999999999998
51193,3,5.5,2.5
51195,4.5,7.1,2.5999999999999996
51197,3.2,6.6,3.3999999999999995
51199,2.5,5.1,2.5999999999999996
51510,1.9,6.1,4.199999999999999
51520,3.5,6.8,3.3
51530,2.4,4,1.6
51540,2,6,4
51550,2.7,6.1,3.3999999999999995
51570,3,7,4
51580,3.9,8,4.1
51590,4.8,9.5,4.7
51595,4.5,12.9,8.4
51600,1.9,5.2,3.3000000000000003
51610,2,3.6,1.6
51620,3.8,10.1,6.3
51630,3.1,7.1,3.9999999999999996
51640,3.1,5.9,2.8000000000000003
51650,3.4,8.9,5.5
51660,2.9,5.4,2.5000000000000004
51670,4.1,11.6,7.5
51678,4.3,5.8,1.5
51680,3.4,7.2,3.8000000000000003
51683,2.3,6.3,4
51685,2.2,6.9,4.7
51690,3.8,11.1,7.3
51700,3.2,8.9,5.7
51710,3.2,9.1,5.8999999999999995
51720,3.5,6.8,3.3
51730,5.1,15.4,10.3
51735,2.3,3.6,1.3000000000000003
51740,3.6,10.5,6.9
51750,3.3,5.5,2.2
51760,3.1,9.2,6.1
51770,2.8,7.5,4.7
51775,2.7,5.1,2.3999999999999995
51790,2.4,5.5,3.1
51800,2.9,6.8,3.9
51810,2.5,5.8,3.3
51820,2.7,5.8,3.0999999999999996
51830,3.8,7.6,3.8
51840,2.5,5.5,3
53001,3.5,5.1,1.5999999999999996
53003,3.4,4.8,1.4
53005,4,6.4,2.4000000000000004
53007,3.4,6.1,2.6999999999999997
53009,5.4,8.4,3
53011,4.2,8.1,3.8999999999999995
53013,4.3,5.9,1.6000000000000005
53015,5.1,8.4,3.3000000000000007
53017,3.9,6.2,2.3000000000000003
53019,8.7,9.5,0.8000000000000007
53021,4.4,6.6,2.1999999999999993
53023,4,7.2,3.2
53025,4.5,6.9,2.4000000000000004
53027,5.8,10,4.2
53029,4.4,7.4,3
53031,4.7,7.8,3.0999999999999996
53033,2.8,7,4.2
53035,3.9,6.8,2.9
53037,4.4,7,2.5999999999999996
53039,4.3,6.7,2.4000000000000004
53041,5,8.1,3.0999999999999996
53043,3.9,5.4,1.5000000000000004
53045,5.4,9.2,3.799999999999999
53047,4.2,7.6,3.3999999999999995
53049,5.4,9.5,4.1
53051,6.8,9.5,2.7
53053,4.4,8.6,4.199999999999999
53055,3,6.7,3.7
53057,4.6,8.2,3.5999999999999996
53059,4.3,8.9,4.6000000000000005
53061,3,7.5,4.5
53063,4.2,7.7,3.5
53065,5,7.8,2.8
53067,4.2,7.1,2.8999999999999995
53069,6,8.4,2.4000000000000004
53071,4,5.8,1.7999999999999998
53073,4.4,8,3.5999999999999996
53075,3.9,5.4,1.5000000000000004
53077,4.4,7.2,2.8
54001,5,8,3
54003,3.3,5.9,2.6000000000000005
54005,5,10.6,5.6
54007,5.7,10.1,4.3999999999999995
54009,4.9,8.8,3.9000000000000004
54011,3.8,7.4,3.6000000000000005
54013,9.2,13.7,4.5
54015,6.5,11.1,4.6
54017,3.7,5.8,2.0999999999999996
54019,4.8,9,4.2
54021,5.4,8.5,3.0999999999999996
54023,4.7,5.8,1.0999999999999996
54025,3.9,6.8,2.9
54027,3.5,5,1.5
54029,5.1,9.3,4.200000000000001
54031,4.2,6,1.7999999999999998
54033,4,7.5,3.5
54035,4.2,8.6,4.3999999999999995
54037,2.9,5.8,2.9
54039,4.2,9,4.8
54041,5.7,10.6,4.8999999999999995
54043,5.5,9.3,3.8000000000000007
54045,5.5,13.9,8.4
54047,7.8,13.6,5.8
54049,4.6,7.9,3.3000000000000007
54051,5.5,8.7,3.1999999999999993
54053,5.6,8.2,2.5999999999999996
54055,5.1,10,4.9
54057,5.9,6.7,0.7999999999999998
54059,6.1,15.8,9.700000000000001
54061,3.3,5.7,2.4000000000000004
54063,3.5,6.4,2.9000000000000004
54065,3.5,5.2,1.7000000000000002
54067,5.3,10.2,4.8999999999999995
54069,4,8.1,4.1
54071,3.1,4.2,1.1
54073,5.8,9.3,3.500000000000001
54075,4.1,7.1,3
54077,3.8,6.1,2.3
54079,3.8,6.6,2.8
54081,4.1,8.4,4.300000000000001
54083,4.9,8.1,3.1999999999999993
54085,4.5,7.9,3.4000000000000004
54087,7.1,11.3,4.200000000000001
54089,4.5,7.3,2.8
54091,4.3,6.8,2.5
54093,4.3,7.3,3
54095,7,10.3,3.3000000000000007
54097,5.3,10,4.7
54099,4.7,7.7,3
54101,5.1,9,3.9000000000000004
54103,6.1,9.7,3.5999999999999996
54105,6.6,8.8,2.200000000000001
54107,4.3,8,3.7
54109,5.9,11,5.1
55001,3.6,6.7,3.1
55003,3.5,5.6,2.0999999999999996
55005,2.9,3.7,0.8000000000000003
55007,3.6,5.5,1.9
55009,2.7,4.3,1.5999999999999996
55011,3,4.8,1.7999999999999998
55013,3.6,6,2.4
55015,2.5,3.1,0.6000000000000001
55017,2.8,4,1.2000000000000002
55019,2.3,2.8,0.5
55021,2.5,4.1,1.5999999999999996
55023,3,4.3,1.2999999999999998
55025,2.2,3.8,1.5999999999999996
55027,2.6,3.7,1.1
55029,2.5,4.2,1.7000000000000002
55031,3.2,6.6,3.3999999999999995
55033,2.7,3.6,0.8999999999999999
55035,2.5,3.9,1.4
55037,3.5,5.5,2
55039,2.6,3.5,0.8999999999999999
55041,3.8,10.9,7.1000000000000005
55043,2.6,3.6,1
55045,2.2,3.2,1
55047,3,3.9,0.8999999999999999
55049,2.1,3.9,1.7999999999999998
55051,4.7,8.2,3.499999999999999
55053,2.8,7.3,4.5
55055,2.6,3.8,1.1999999999999997
55057,2.5,5.3,2.8
55059,3.6,5.5,1.9
55061,2.8,2.6,-0.19999999999999973
55063,2.4,3.7,1.3000000000000003
55065,2,2.8,0.7999999999999998
55067,3.2,4.8,1.5999999999999996
55069,2.8,3.8,1
55071,2.8,4,1.2000000000000002
55073,2.4,3.5,1.1
55075,4,5.5,1.5
55077,2.7,4.4,1.7000000000000002
55078,9,12.8,3.8000000000000007
55079,3.8,7.3,3.5
55081,2.3,4.8,2.5
55083,2.8,3.8,1
55085,3.3,4.8,1.5
55087,2.5,3.9,1.4
55089,2.6,4.2,1.6
55091,2.7,3.3,0.5999999999999996
55093,2.4,4.6,2.1999999999999997
55095,2.7,4.5,1.7999999999999998
55097,2.6,4,1.4
55099,3.2,3.8,0.5999999999999996
55101,3.7,5.6,1.8999999999999995
55103,2.7,3.3,0.5999999999999996
55105,3.4,5.2,1.8000000000000003
55107,3.8,4.2,0.40000000000000036
55109,2.6,4.8,2.1999999999999997
55111,2.3,4.7,2.4000000000000004
55113,3.2,5.6,2.3999999999999995
55115,2.6,4.3,1.6999999999999997
55117,2.4,3.7,1.3000000000000003
55119,2.4,2.9,0.5
55121,2.7,4.6,1.8999999999999995
55123,2.5,3.5,1
55125,2.9,4.7,1.8000000000000003
55127,2.8,4.2,1.4000000000000004
55129,3.1,4.5,1.4
55131,2.5,4.2,1.7000000000000002
55133,2.6,4.3,1.6999999999999997
55135,2.8,3.8,1
55137,3.2,4,0.7999999999999998
55139,2.7,3.6,0.8999999999999999
55141,2.9,4.7,1.8000000000000003
56001,3,3.1,0.10000000000000009
56003,3.7,4.3,0.5999999999999996
56005,3.8,7.2,3.4000000000000004
56007,2.8,4,1.2000000000000002
56009,2.6,5.7,3.1
56011,2.7,3.6,0.8999999999999999
56013,3.9,5.8,1.9
56015,3.4,4,0.6000000000000001
56017,3.3,4.8,1.5
56019,2.9,5.2,2.3000000000000003
56021,3.4,4.9,1.5000000000000004
56023,2.9,4.2,1.3000000000000003
56025,3.7,8.7,4.999999999999999
56027,2.4,3.4,1
56029,3.3,4.5,1.2000000000000002
56031,3.2,4.2,1
56033,3,4,1
56035,3.8,6.2,2.4000000000000004
56037,3.4,7,3.6
56039,2,4.2,2.2
56041,3.7,6.4,2.7
56043,3.3,4.7,1.4000000000000004
56045,2.6,3.6,1
72001,14.2,12.2,-2
72003,9.1,9.5,0.40000000000000036
72005,9.9,10.1,0.1999999999999993
72007,9.2,10.6,1.4000000000000004
72009,10.3,9.3,-1
72011,8.1,8.4,0.3000000000000007
72013,9.3,8.9,-0.40000000000000036
72015,12.4,9.1,-3.3000000000000007
72017,11.1,11.4,0.3000000000000007
72019,8.7,10.8,2.1000000000000014
72021,6.4,10,3.5999999999999996
72023,8.5,9,0.5
72025,6.7,8.7,1.9999999999999991
72027,8.6,8.2,-0.40000000000000036
72029,6.7,9.8,3.1000000000000005
72031,6,9.9,3.9000000000000004
72033,7.4,11.1,3.6999999999999993
72035,7.1,7.4,0.3000000000000007
72037,10.3,10.6,0.29999999999999893
72039,11.1,13.6,2.5
72041,6.4,6.5,0.09999999999999964
72043,12.4,10.5,-1.9000000000000004
72045,8.7,10.8,2.1000000000000014
72047,9,13.3,4.300000000000001
72049,3.5,9.8,6.300000000000001
72051,5.9,8,2.0999999999999996
72053,10.3,11.8,1.5
72054,10.4,12.7,2.299999999999999
72055,15.9,11.9,-4
72057,12.2,8.3,-3.8999999999999986
72059,13.5,10.4,-3.0999999999999996
72061,4.2,6.1,1.8999999999999995
72063,5.9,6.6,0.6999999999999993
72065,9.5,7.7,-1.7999999999999998
72067,8.4,9,0.5999999999999996
72069,10,8.3,-1.6999999999999993
72071,8.7,9,0.3000000000000007
72073,14.3,8.8,-5.5
72075,10.3,7.8,-2.500000000000001
72077,8.7,9.9,1.200000000000001
72079,12.4,11.9,-0.5
72081,12.5,11.7,-0.8000000000000007
72083,11.5,10.5,-1
72085,9.2,9.2,0
72087,8.1,10.8,2.700000000000001
72089,9.6,11.9,2.3000000000000007
72091,8.2,9.1,0.9000000000000004
72093,11.5,8.2,-3.3000000000000007
72095,13.5,9.5,-4
72097,10.3,8.8,-1.5
72099,9.8,10.2,0.3999999999999986
72101,9.2,11.8,2.6000000000000014
72103,9.2,8.7,-0.5
72105,8.6,14.3,5.700000000000001
72107,9.9,13.3,3.4000000000000004
72109,13,10.1,-2.9000000000000004
72111,14.6,11.2,-3.4000000000000004
72113,9.9,9,-0.9000000000000004
72115,10.9,10.3,-0.5999999999999996
72117,10.6,10.2,-0.40000000000000036
72119,7.3,10.9,3.6000000000000005
72121,12.4,9.4,-3
72123,15.3,11,-4.300000000000001
72125,10.9,8.9,-2
72127,5.7,8.9,3.2
72129,8.7,8.9,0.20000000000000107
72131,12.2,11.4,-0.7999999999999989
72133,14.7,9,-5.699999999999999
72135,5.8,8.2,2.3999999999999995
72137,5.9,8.8,2.9000000000000004
72139,4.9,6.9,2
72141,11.4,9.1,-2.3000000000000007
72143,8.1,11.5,3.4000000000000004
72145,9.7,12.8,3.1000000000000014
72147,6.2,11.5,5.3
72149,14.8,9.8,-5
72151,12.8,10.6,-2.200000000000001
72153,14.1,11.4,-2.6999999999999993
